dataset,sequence,category,pair,reference_index,target_index,image1,image2,raw_putative_matches,detector_n_features,detector_n_correspondences,detector_repeatability,ransac_threshold_px,homography_error_px,n_features,n_putative,n_correct,n_incorrect,n_correspondences,pmr,precision,matching_score,recall,repeatability,correctness_threshold_px,mean_correct_gt_error_px,median_correct_gt_error_px,homography_success,ransac_inliers,ransac_inlier_ratio,ransac_reprojection_error_px,matching_ms,matching_std_ms,detected_keypoints_image1,features_image1_total,descriptor_memory_bytes_image1,descriptor_dim,descriptor_dtype,bytes_per_descriptor,detected_keypoints_image2,features_image2_total,descriptor_memory_bytes_image2,detection_ms_image1,detection_std_ms_image1,description_ms_image1,description_std_ms_image1,joint_extraction_ms_image1,joint_extraction_std_ms_image1,detection_ms_image2,detection_std_ms_image2,description_ms_image2,description_std_ms_image2,joint_extraction_ms_image2,joint_extraction_std_ms_image2,method,detector,descriptor,matcher,ratio_threshold
hpatches,i_ajuntament,illumination,i_ajuntament_1_to_2,1,2,D:\桌面\IACV\Assigment1\data\hpatches\i_ajuntament\1.ppm,D:\桌面\IACV\Assigment1\data\hpatches\i_ajuntament\2.ppm,339,840,429,0.5107142857142857,3.0,0.5213957953661534,840,339,289,50,429,0.4035714285714286,0.8525073746312685,0.34404761904761905,0.6736596736596736,0.5107142857142857,3.0,0.7566753937217454,0.6226378066961266,True,289,0.8525073746312685,0.6779978749025928,5.42247999983374,0.4735623114461997,840,840,430080,128,float32,512,780,780,399360,47.92297999811126,2.501674633543439,40.10266000113916,1.7160682846191664,nan,nan,51.0831200008397,4.20685302568563,53.49619999906281,4.842254275867232,nan,nan,sift,sift,sift,bf_ratio,0.8
hpatches,i_ajuntament,illumination,i_ajuntament_1_to_3,1,3,D:\桌面\IACV\Assigment1\data\hpatches\i_ajuntament\1.ppm,D:\桌面\IACV\Assigment1\data\hpatches\i_ajuntament\3.ppm,48,840,111,0.13214285714285715,3.0,9.885762113929374,840,48,13,35,111,0.05714285714285714,0.2708333333333333,0.015476190476190477,0.11711711711711711,0.13214285714285715,3.0,1.4706834210864055,1.2398035626577755,True,15,0.3125,1.0263100994945162,3.033039999718312,0.3498039370077702,840,840,430080,128,float32,512,417,417,213504,47.92297999811126,2.501674633543439,40.10266000113916,1.7160682846191664,nan,nan,62.2815000009723,2.4359174997182036,54.59788000007393,2.0828886084467584,nan,nan,sift,sift,sift,bf_ratio,0.8
hpatches,i_ajuntament,illumination,i_ajuntament_1_to_4,1,4,D:\桌面\IACV\Assigment1\data\hpatches\i_ajuntament\1.ppm,D:\桌面\IACV\Assigment1\data\hpatches\i_ajuntament\4.ppm,38,840,58,0.06904761904761905,3.0,466.7528641613402,840,38,8,30,58,0.04523809523809524,0.21052631578947367,0.009523809523809525,0.13793103448275862,0.06904761904761905,3.0,1.280752571234388,1.2703068508422182,True,7,0.18421052631578946,0.210280721707802,2.3781000010785647,0.2413100516642704,840,840,430080,128,float32,512,302,302,154624,47.92297999811126,2.501674633543439,40.10266000113916,1.7160682846191664,nan,nan,50.89159999915864,4.638997887786704,47.95536000165157,3.5608295127792218,nan,nan,sift,sift,sift,bf_ratio,0.8
hpatches,i_ajuntament,illumination,i_ajuntament_1_to_5,1,5,D:\桌面\IACV\Assigment1\data\hpatches\i_ajuntament\1.ppm,D:\桌面\IACV\Assigment1\data\hpatches\i_ajuntament\5.ppm,39,840,61,0.07261904761904762,3.0,447.51321703682265,840,39,7,32,61,0.04642857142857143,0.1794871794871795,0.008333333333333333,0.11475409836065574,0.07261904761904762,3.0,0.8445229457209197,0.723840995654588,True,7,0.1794871794871795,0.10288653218981213,1.8524799990700558,0.1437674017696055,840,840,430080,128,float32,512,236,236,120832,47.92297999811126,2.501674633543439,40.10266000113916,1.7160682846191664,nan,nan,53.44633999920916,4.898457906982093,48.31061999866506,1.8182345484015472,nan,nan,sift,sift,sift,bf_ratio,0.8
hpatches,i_ajuntament,illumination,i_ajuntament_1_to_6,1,6,D:\桌面\IACV\Assigment1\data\hpatches\i_ajuntament\1.ppm,D:\桌面\IACV\Assigment1\data\hpatches\i_ajuntament\6.ppm,33,840,59,0.07023809523809524,3.0,1081.6220476080648,840,33,7,26,59,0.039285714285714285,0.21212121212121213,0.008333333333333333,0.11864406779661017,0.07023809523809524,3.0,0.9352645921547508,0.7613079681243201,True,7,0.21212121212121213,1.024411831776147,2.4846600004821084,0.12166305160100503,840,840,430080,128,float32,512,290,290,148480,47.92297999811126,2.501674633543439,40.10266000113916,1.7160682846191664,nan,nan,55.82056000130251,1.2853265452634974,47.11673999991035,3.4003636062946208,nan,nan,sift,sift,sift,bf_ratio,0.8
hpatches,i_autannes,illumination,i_autannes_1_to_2,1,2,D:\桌面\IACV\Assigment1\data\hpatches\i_autannes\1.ppm,D:\桌面\IACV\Assigment1\data\hpatches\i_autannes\2.ppm,681,2677,884,0.3302203959656332,3.0,0.14210616578387236,2677,681,652,29,884,0.2543892416884572,0.9574155653450808,0.24355621964886068,0.7375565610859729,0.3302203959656332,3.0,0.3758195258729668,0.3053518673152993,True,652,0.9574155653450808,0.3653023252578925,58.91309999860823,1.5704929358987085,2677,2677,1370624,128,float32,512,2770,2770,1418240,204.49643999891123,2.614775370291455,150.31118000042625,9.362835431939084,nan,nan,196.99605999921914,15.149432309265709,182.3575600006734,5.548813309903136,nan,nan,sift,sift,sift,bf_ratio,0.8
hpatches,i_autannes,illumination,i_autannes_1_to_3,1,3,D:\桌面\IACV\Assigment1\data\hpatches\i_autannes\1.ppm,D:\桌面\IACV\Assigment1\data\hpatches\i_autannes\3.ppm,478,2677,748,0.27941725812476653,3.0,0.3384866045246427,2677,478,446,32,748,0.1785580874112813,0.9330543933054394,0.16660440791931266,0.5962566844919787,0.27941725812476653,3.0,0.39502159275639354,0.30865082647824704,True,446,0.9330543933054394,0.38747361315791357,86.05186000058893,4.617572866682651,2677,2677,1370624,128,float32,512,3686,3686,1887232,204.49643999891123,2.614775370291455,150.31118000042625,9.362835431939084,nan,nan,203.11229999933857,4.446186479951797,208.14613999973517,12.253016646632444,nan,nan,sift,sift,sift,bf_ratio,0.8
hpatches,i_autannes,illumination,i_autannes_1_to_4,1,4,D:\桌面\IACV\Assigment1\data\hpatches\i_autannes\1.ppm,D:\桌面\IACV\Assigment1\data\hpatches\i_autannes\4.ppm,104,2677,804,0.30033619723571164,3.0,3.708502820827132,2677,104,36,68,804,0.03884945834889802,0.34615384615384615,0.013447889428464699,0.04477611940298507,0.30033619723571164,3.0,1.9249073931340908,1.9214357592805935,True,71,0.6826923076923077,0.7242998749062856,196.17449999932433,2.7875899652087783,2677,2677,1370624,128,float32,512,8449,8449,4325888,204.49643999891123,2.614775370291455,150.31118000042625,9.362835431939084,nan,nan,237.829460001376,37.58685568531583,276.17947999824537,7.921879517976372,nan,nan,sift,sift,sift,bf_ratio,0.8
hpatches,i_autannes,illumination,i_autannes_1_to_5,1,5,D:\桌面\IACV\Assigment1\data\hpatches\i_autannes\1.ppm,D:\桌面\IACV\Assigment1\data\hpatches\i_autannes\5.ppm,93,2677,878,0.3279790810608891,3.0,0.8071364272099272,2677,93,56,37,878,0.03474038102353381,0.6021505376344086,0.020918939110945087,0.06378132118451026,0.3279790810608891,3.0,0.75584077715769,0.6309676307915073,True,56,0.6021505376344086,0.6307090264224403,170.970540001872,3.415320112749594,2677,2677,1370624,128,float32,512,7792,7792,3989504,204.49643999891123,2.614775370291455,150.31118000042625,9.362835431939084,nan,nan,190.38567999959923,5.6514650550581225,205.86847999948077,3.5848337856873598,nan,nan,sift,sift,sift,bf_ratio,0.8
hpatches,i_autannes,illumination,i_autannes_1_to_6,1,6,D:\桌面\IACV\Assigment1\data\hpatches\i_autannes\1.ppm,D:\桌面\IACV\Assigment1\data\hpatches\i_autannes\6.ppm,286,2677,872,0.3257377661561449,3.0,2.023263473894432,2677,286,256,30,872,0.10683601045946955,0.8951048951048951,0.09562943593574898,0.29357798165137616,0.3257377661561449,3.0,0.9688333568574803,0.8249144105196737,True,256,0.8951048951048951,0.6875957087013803,68.33778000000166,2.633248176644726,2677,2677,1370624,128,float32,512,3236,3236,1656832,204.49643999891123,2.614775370291455,150.31118000042625,9.362835431939084,nan,nan,208.03689999884227,19.485612173921194,157.78967999940505,4.6477718790579985,nan,nan,sift,sift,sift,bf_ratio,0.8
hpatches,i_bologna,illumination,i_bologna_1_to_2,1,2,D:\桌面\IACV\Assigment1\data\hpatches\i_bologna\1.ppm,D:\桌面\IACV\Assigment1\data\hpatches\i_bologna\2.ppm,104,264,176,0.6666666666666666,3.0,0.8504649094370017,264,104,99,5,176,0.3939393939393939,0.9519230769230769,0.375,0.5625,0.6666666666666666,3.0,0.36554972836869815,0.2508650807654281,True,99,0.9519230769230769,0.35879794052197406,1.4467200002400205,0.11878051197472758,264,264,135168,128,float32,512,573,573,293376,44.542920001549646,2.935757275693374,40.702820000296924,7.858483873027446,nan,nan,43.160319997696206,2.469068140262907,39.997800000128336,2.3685111084229287,nan,nan,sift,sift,sift,bf_ratio,0.8
hpatches,i_bologna,illumination,i_bologna_1_to_3,1,3,D:\桌面\IACV\Assigment1\data\hpatches\i_bologna\1.ppm,D:\桌面\IACV\Assigment1\data\hpatches\i_bologna\3.ppm,86,264,154,0.5833333333333334,3.0,0.7326259416624576,264,86,78,8,154,0.32575757575757575,0.9069767441860465,0.29545454545454547,0.5064935064935064,0.5833333333333334,3.0,0.48784378063824363,0.32730702424175484,True,78,0.9069767441860465,0.4872878547060999,1.7795800013118424,0.20158690651156227,264,264,135168,128,float32,512,786,786,402432,44.542920001549646,2.935757275693374,40.702820000296924,7.858483873027446,nan,nan,45.49754000036046,3.2083034375219492,43.15366000082577,1.9003074303802567,nan,nan,sift,sift,sift,bf_ratio,0.8
hpatches,i_bologna,illumination,i_bologna_1_to_4,1,4,D:\桌面\IACV\Assigment1\data\hpatches\i_bologna\1.ppm,D:\桌面\IACV\Assigment1\data\hpatches\i_bologna\4.ppm,91,264,152,0.5757575757575758,3.0,1.2954309120943386,264,91,84,7,152,0.3446969696969697,0.9230769230769231,0.3181818181818182,0.5526315789473685,0.5757575757575758,3.0,0.5501377108419705,0.32206710942227745,True,84,0.9230769230769231,0.5155836332483646,2.5010600002133287,0.14030710019171777,264,264,135168,128,float32,512,909,909,465408,44.542920001549646,2.935757275693374,40.702820000296924,7.858483873027446,nan,nan,55.891980000888,4.411501205275577,52.871220001543406,4.758858006321657,nan,nan,sift,sift,sift,bf_ratio,0.8
hpatches,i_bologna,illumination,i_bologna_1_to_5,1,5,D:\桌面\IACV\Assigment1\data\hpatches\i_bologna\1.ppm,D:\桌面\IACV\Assigment1\data\hpatches\i_bologna\5.ppm,85,264,154,0.5833333333333334,3.0,1.7999018652856882,264,85,74,11,154,0.32196969696969696,0.8705882352941177,0.2803030303030303,0.4805194805194805,0.5833333333333334,3.0,0.5215124533809975,0.43047081687314553,True,75,0.8823529411764706,0.45593667766154045,2.767320000566542,0.17320088150144722,264,264,135168,128,float32,512,1174,1174,601088,44.542920001549646,2.935757275693374,40.702820000296924,7.858483873027446,nan,nan,64.89626000111457,2.90958269662,58.23421999957645,1.6725163378846746,nan,nan,sift,sift,sift,bf_ratio,0.8
hpatches,i_bologna,illumination,i_bologna_1_to_6,1,6,D:\桌面\IACV\Assigment1\data\hpatches\i_bologna\1.ppm,D:\桌面\IACV\Assigment1\data\hpatches\i_bologna\6.ppm,58,264,138,0.5227272727272727,3.0,1.3518653481943543,264,58,55,3,138,0.2196969696969697,0.9482758620689655,0.20833333333333334,0.39855072463768115,0.5227272727272727,3.0,0.48894942329039415,0.3624870507752489,True,55,0.9482758620689655,0.4407094334205997,2.7822999996715225,0.2965650582912959,264,264,135168,128,float32,512,1214,1214,621568,44.542920001549646,2.935757275693374,40.702820000296924,7.858483873027446,nan,nan,55.64849999936996,0.9988553430304002,53.494000001228414,3.094807537470988,nan,nan,sift,sift,sift,bf_ratio,0.8
hpatches,i_books,illumination,i_books_1_to_2,1,2,D:\桌面\IACV\Assigment1\data\hpatches\i_books\1.ppm,D:\桌面\IACV\Assigment1\data\hpatches\i_books\2.ppm,311,972,336,0.345679012345679,3.0,0.4184474919933559,972,311,277,34,336,0.31995884773662553,0.8906752411575563,0.28497942386831276,0.8244047619047619,0.345679012345679,3.0,0.21311354695734755,0.12746178712511994,True,277,0.8906752411575563,0.2397007277710716,4.467520001344383,0.35525194578778574,972,972,497664,128,float32,512,504,504,258048,84.54907999985153,2.0739563770444387,76.05233999929624,2.942346792866417,nan,nan,86.46328000031644,3.454744750267328,71.88105999812251,2.4691358126816523,nan,nan,sift,sift,sift,bf_ratio,0.8
hpatches,i_books,illumination,i_books_1_to_3,1,3,D:\桌面\IACV\Assigment1\data\hpatches\i_books\1.ppm,D:\桌面\IACV\Assigment1\data\hpatches\i_books\3.ppm,515,972,634,0.6522633744855967,3.0,0.0682299442801037,972,515,483,32,634,0.529835390946502,0.9378640776699029,0.49691358024691357,0.7618296529968455,0.6522633744855967,3.0,0.1890852582607112,0.1141877285477951,True,483,0.9378640776699029,0.1892027443265954,15.135459999146406,0.8698877834473365,972,972,497664,128,float32,512,1774,1774,908288,84.54907999985153,2.0739563770444387,76.05233999929624,2.942346792866417,nan,nan,89.89674000040395,1.6382687662047049,88.3196400012821,4.112013807688583,nan,nan,sift,sift,sift,bf_ratio,0.8
hpatches,i_books,illumination,i_books_1_to_4,1,4,D:\桌面\IACV\Assigment1\data\hpatches\i_books\1.ppm,D:\桌面\IACV\Assigment1\data\hpatches\i_books\4.ppm,521,972,607,0.6244855967078189,3.0,0.06062894964560718,972,521,488,33,607,0.5360082304526749,0.9366602687140115,0.5020576131687243,0.8039538714991763,0.6244855967078189,3.0,0.19085821631576239,0.1177836572028147,True,488,0.9366602687140115,0.19430833534942313,12.18413999886252,0.894047174540507,972,972,497664,128,float32,512,1584,1584,811008,84.54907999985153,2.0739563770444387,76.05233999929624,2.942346792866417,nan,nan,84.32268000033218,4.914766573382582,90.2698199992301,3.1280188271659277,nan,nan,sift,sift,sift,bf_ratio,0.8
hpatches,i_books,illumination,i_books_1_to_5,1,5,D:\桌面\IACV\Assigment1\data\hpatches\i_books\1.ppm,D:\桌面\IACV\Assigment1\data\hpatches\i_books\5.ppm,571,972,646,0.6646090534979424,3.0,0.07924390490808868,972,571,546,25,646,0.5874485596707819,0.9562171628721541,0.5617283950617284,0.8452012383900929,0.6646090534979424,3.0,0.19079324653419255,0.11365981136735229,True,546,0.9562171628721541,0.19466680589970023,10.30037999880733,0.2592880270507746,972,972,497664,128,float32,512,1343,1343,687616,84.54907999985153,2.0739563770444387,76.05233999929624,2.942346792866417,nan,nan,77.90367999987211,2.28283240296139,67.81199999968521,3.3849921485778007,nan,nan,sift,sift,sift,bf_ratio,0.8
hpatches,i_books,illumination,i_books_1_to_6,1,6,D:\桌面\IACV\Assigment1\data\hpatches\i_books\1.ppm,D:\桌面\IACV\Assigment1\data\hpatches\i_books\6.ppm,453,972,489,0.5030864197530864,3.0,0.10152173394170337,972,453,418,35,489,0.4660493827160494,0.9227373068432672,0.43004115226337447,0.8548057259713702,0.5030864197530864,3.0,0.14900642608529174,0.08881788689073242,True,418,0.9227373068432672,0.15050734117371792,6.0761999993701465,0.1132479763502081,972,972,497664,128,float32,512,707,707,361984,84.54907999985153,2.0739563770444387,76.05233999929624,2.942346792866417,nan,nan,74.01739999913843,4.5137598780879316,64.1094400009024,2.251614357817018,nan,nan,sift,sift,sift,bf_ratio,0.8
hpatches,i_boutique,illumination,i_boutique_1_to_2,1,2,D:\桌面\IACV\Assigment1\data\hpatches\i_boutique\1.ppm,D:\桌面\IACV\Assigment1\data\hpatches\i_boutique\2.ppm,1057,3833,1996,0.5207409339942604,3.0,0.1379395958882078,3833,1057,900,157,1996,0.2757631098356379,0.8514664143803217,0.2348030263501174,0.45090180360721444,0.5207409339942604,3.0,0.4741185605121075,0.28607580369736574,True,899,0.8505203405865658,0.47531586951939503,105.30453999963356,4.14232168264567,3833,3833,1962496,128,float32,512,3242,3242,1659904,97.0653799988213,7.714517812821955,117.79091999924276,1.7004696703480175,nan,nan,108.35695999994641,6.878681217629324,114.60882000101265,2.1360612794025036,nan,nan,sift,sift,sift,bf_ratio,0.8
hpatches,i_boutique,illumination,i_boutique_1_to_3,1,3,D:\桌面\IACV\Assigment1\data\hpatches\i_boutique\1.ppm,D:\桌面\IACV\Assigment1\data\hpatches\i_boutique\3.ppm,493,3833,1530,0.3991651447951996,3.0,0.4120461912941244,3833,493,381,112,1530,0.1286198799895643,0.7728194726166329,0.0993999478215497,0.24901960784313726,0.3991651447951996,3.0,0.6974858408675633,0.4921432075576284,True,383,0.7768762677484787,0.7275141762837707,130.6641600007424,8.165189172726386,3833,3833,1962496,128,float32,512,3634,3634,1860608,97.0653799988213,7.714517812821955,117.79091999924276,1.7004696703480175,nan,nan,92.04242000123486,5.6750781161575095,95.82408000133,14.58962458118035,nan,nan,sift,sift,sift,bf_ratio,0.8
hpatches,i_boutique,illumination,i_boutique_1_to_4,1,4,D:\桌面\IACV\Assigment1\data\hpatches\i_boutique\1.ppm,D:\桌面\IACV\Assigment1\data\hpatches\i_boutique\4.ppm,492,3833,1469,0.3832507174536916,3.0,0.293555121668105,3833,492,352,140,1469,0.12835898773806417,0.7154471544715447,0.09183407252804592,0.23961878829135466,0.3832507174536916,3.0,0.5765550982780209,0.393731439423864,True,355,0.7215447154471545,0.6090944771748922,117.9987199997413,3.904720551316494,3833,3833,1962496,128,float32,512,3187,3187,1631744,97.0653799988213,7.714517812821955,117.79091999924276,1.7004696703480175,nan,nan,111.57581999868853,2.426384958551829,116.58426000067266,3.6462488152509454,nan,nan,sift,sift,sift,bf_ratio,0.8
hpatches,i_boutique,illumination,i_boutique_1_to_5,1,5,D:\桌面\IACV\Assigment1\data\hpatches\i_boutique\1.ppm,D:\桌面\IACV\Assigment1\data\hpatches\i_boutique\5.ppm,133,3833,941,0.24549960866162274,3.0,1.2612778074272597,3833,133,41,92,941,0.03469866944951735,0.3082706766917293,0.010696582311505349,0.04357066950053135,0.24549960866162274,3.0,0.7777567458438824,0.6106461912480627,True,41,0.3082706766917293,0.8382302860539883,120.08432000002358,3.9336632235447357,3833,3833,1962496,128,float32,512,3401,3401,1741312,97.0653799988213,7.714517812821955,117.79091999924276,1.7004696703480175,nan,nan,114.38361999898916,2.3207081335613635,123.10598000040045,2.4540560296778624,nan,nan,sift,sift,sift,bf_ratio,0.8
hpatches,i_boutique,illumination,i_boutique_1_to_6,1,6,D:\桌面\IACV\Assigment1\data\hpatches\i_boutique\1.ppm,D:\桌面\IACV\Assigment1\data\hpatches\i_boutique\6.ppm,112,3833,875,0.22828072006261413,3.0,0.520847586240298,3833,112,36,76,875,0.02921993216801461,0.32142857142857145,0.009392121054004696,0.04114285714285714,0.22828072006261413,3.0,0.7988244476650722,0.6163179573376342,True,36,0.32142857142857145,0.797840668647312,101.70476000057533,1.471501559887327,3833,3833,1962496,128,float32,512,3222,3222,1649664,97.0653799988213,7.714517812821955,117.79091999924276,1.7004696703480175,nan,nan,111.53487999981735,3.5608101259799714,107.63504000060493,2.529298279219069,nan,nan,sift,sift,sift,bf_ratio,0.8
hpatches,i_bridger,illumination,i_bridger_1_to_2,1,2,D:\桌面\IACV\Assigment1\data\hpatches\i_bridger\1.ppm,D:\桌面\IACV\Assigment1\data\hpatches\i_bridger\2.ppm,1803,10625,4943,0.4652235294117647,3.0,0.5363019387463073,10625,1803,1576,227,4943,0.16969411764705883,0.8740987243483084,0.14832941176470588,0.3188347157596601,0.4652235294117647,3.0,0.7995960932821635,0.6989417636975497,True,1584,0.8785357737104825,0.5454479080616751,1024.672159999318,32.467655857104795,10625,10625,5440000,128,float32,512,11175,11175,5721600,219.14010000036797,12.661329976639127,242.37366000015754,15.773191616666832,nan,nan,196.34835999750067,9.009816573055708,263.6809199990239,7.848147123355729,nan,nan,sift,sift,sift,bf_ratio,0.8
hpatches,i_bridger,illumination,i_bridger_1_to_3,1,3,D:\桌面\IACV\Assigment1\data\hpatches\i_bridger\1.ppm,D:\桌面\IACV\Assigment1\data\hpatches\i_bridger\3.ppm,1135,10625,4064,0.3824941176470588,3.0,0.4440293287654091,10625,1135,950,185,4064,0.1068235294117647,0.8370044052863436,0.08941176470588236,0.23375984251968504,0.3824941176470588,3.0,0.6591736745152392,0.5372744718618953,True,949,0.8361233480176211,0.54485214975453,922.7562600004603,17.39823115649652,10625,10625,5440000,128,float32,512,9424,9424,4825088,219.14010000036797,12.661329976639127,242.37366000015754,15.773191616666832,nan,nan,202.21270000038203,8.249905286412176,245.26299999997718,12.765817790393676,nan,nan,sift,sift,sift,bf_ratio,0.8
hpatches,i_bridger,illumination,i_bridger_1_to_4,1,4,D:\桌面\IACV\Assigment1\data\hpatches\i_bridger\1.ppm,D:\桌面\IACV\Assigment1\data\hpatches\i_bridger\4.ppm,800,10625,2347,0.22089411764705882,3.0,0.32249647808033105,10625,800,601,199,2347,0.07529411764705882,0.75125,0.05656470588235294,0.256071580741372,0.22089411764705882,3.0,0.6871557171462721,0.5669068707660049,True,601,0.75125,0.6160169650516888,502.8749399993103,15.88333248253232,10625,10625,5440000,128,float32,512,5119,5119,2620928,219.14010000036797,12.661329976639127,242.37366000015754,15.773191616666832,nan,nan,224.1275600012159,6.715812608520812,223.53706000139937,4.141643720090222,nan,nan,sift,sift,sift,bf_ratio,0.8
hpatches,i_bridger,illumination,i_bridger_1_to_5,1,5,D:\桌面\IACV\Assigment1\data\hpatches\i_bridger\1.ppm,D:\桌面\IACV\Assigment1\data\hpatches\i_bridger\5.ppm,367,10625,946,0.08903529411764706,3.0,0.45243192301725293,10625,367,200,167,946,0.034541176470588235,0.5449591280653951,0.018823529411764704,0.21141649048625794,0.08903529411764706,3.0,0.7113324582930894,0.5415390880786437,True,201,0.547683923705722,0.6622108116603074,184.4031599990558,9.758797335710582,10625,10625,5440000,128,float32,512,2057,2057,1053184,219.14010000036797,12.661329976639127,242.37366000015754,15.773191616666832,nan,nan,186.67026000184705,6.65145801211997,161.13614000059897,4.332184850094072,nan,nan,sift,sift,sift,bf_ratio,0.8
hpatches,i_bridger,illumination,i_bridger_1_to_6,1,6,D:\桌面\IACV\Assigment1\data\hpatches\i_bridger\1.ppm,D:\桌面\IACV\Assigment1\data\hpatches\i_bridger\6.ppm,121,10625,163,0.015341176470588235,3.0,163.2169611689441,10625,121,42,79,163,0.011388235294117647,0.34710743801652894,0.003952941176470588,0.25766871165644173,0.015341176470588235,3.0,0.6984129953157442,0.6368683582669492,True,42,0.34710743801652894,0.7829933865531602,36.696880000818055,1.2521596723117867,10625,10625,5440000,128,float32,512,364,364,186368,219.14010000036797,12.661329976639127,242.37366000015754,15.773191616666832,nan,nan,172.15243999962695,3.7516759025169444,145.24120000132825,4.5813651391283345,nan,nan,sift,sift,sift,bf_ratio,0.8
hpatches,i_brooklyn,illumination,i_brooklyn_1_to_2,1,2,D:\桌面\IACV\Assigment1\data\hpatches\i_brooklyn\1.ppm,D:\桌面\IACV\Assigment1\data\hpatches\i_brooklyn\2.ppm,1100,7614,3216,0.4223798266351458,3.0,0.5771187900178777,7614,1100,891,209,3216,0.14447071184659838,0.81,0.11702127659574468,0.27705223880597013,0.4223798266351458,3.0,0.7812602455519113,0.6932023051824658,True,894,0.8127272727272727,0.45804410420072245,566.8827800007421,12.153182953411712,7614,7614,3898368,128,float32,512,8616,8616,4411392,249.7081400011666,7.761348359642472,252.13888000143925,5.311085437081934,nan,nan,233.3963599987328,12.008428127847564,245.39955999935046,11.915657125503435,nan,nan,sift,sift,sift,bf_ratio,0.8
hpatches,i_brooklyn,illumination,i_brooklyn_1_to_3,1,3,D:\桌面\IACV\Assigment1\data\hpatches\i_brooklyn\1.ppm,D:\桌面\IACV\Assigment1\data\hpatches\i_brooklyn\3.ppm,2480,7614,2025,0.26595744680851063,3.0,3.32640334452662,7614,2480,242,2238,2025,0.3257157867086945,0.09758064516129032,0.031783556606251644,0.11950617283950617,0.26595744680851063,3.0,2.604058551330737,2.802757855714152,True,2264,0.9129032258064517,0.35208736558243764,421.0325799998827,6.489507894851443,7614,7614,3898368,128,float32,512,6463,6463,3309056,249.7081400011666,7.761348359642472,252.13888000143925,5.311085437081934,nan,nan,201.34993999963626,6.701726223450608,193.06931999890367,10.54190557508736,nan,nan,sift,sift,sift,bf_ratio,0.8
hpatches,i_brooklyn,illumination,i_brooklyn_1_to_4,1,4,D:\桌面\IACV\Assigment1\data\hpatches\i_brooklyn\1.ppm,D:\桌面\IACV\Assigment1\data\hpatches\i_brooklyn\4.ppm,510,7614,2052,0.2695035460992908,3.0,2.562362568942104,7614,510,271,239,2052,0.06698187549251379,0.5313725490196078,0.03559232991857105,0.13206627680311891,0.2695035460992908,3.0,2.4672785509323014,2.583756083541051,True,302,0.592156862745098,0.5015705789263061,393.1224800006021,5.9482332457185105,7614,7614,3898368,128,float32,512,6522,6522,3339264,249.7081400011666,7.761348359642472,252.13888000143925,5.311085437081934,nan,nan,224.11149999970803,12.301312548725521,192.12482000148157,11.727123618094625,nan,nan,sift,sift,sift,bf_ratio,0.8
hpatches,i_brooklyn,illumination,i_brooklyn_1_to_5,1,5,D:\桌面\IACV\Assigment1\data\hpatches\i_brooklyn\1.ppm,D:\桌面\IACV\Assigment1\data\hpatches\i_brooklyn\5.ppm,2740,7614,1953,0.2565011820330969,3.0,3.8116569608935,7614,2740,65,2675,1953,0.3598634095087996,0.023722627737226276,0.008536905700026267,0.033282130056323606,0.2565011820330969,3.0,2.230495893550998,2.7617899718266723,True,2505,0.9142335766423357,0.3526973654417843,453.7300400013919,7.109359099035925,7614,7614,3898368,128,float32,512,6921,6921,3543552,249.7081400011666,7.761348359642472,252.13888000143925,5.311085437081934,nan,nan,183.40144000248984,3.2485070045261533,201.89706000091974,15.84393000691543,nan,nan,sift,sift,sift,bf_ratio,0.8
hpatches,i_brooklyn,illumination,i_brooklyn_1_to_6,1,6,D:\桌面\IACV\Assigment1\data\hpatches\i_brooklyn\1.ppm,D:\桌面\IACV\Assigment1\data\hpatches\i_brooklyn\6.ppm,1175,7614,2006,0.2634620436038876,3.0,3.461939665258841,7614,1175,43,1132,2006,0.15432098765432098,0.03659574468085106,0.0056474914630943,0.02143569292123629,0.2634620436038876,3.0,2.522442043075748,2.7434698954930252,True,947,0.8059574468085107,0.4332869561792849,545.968859999266,10.96304860393942,7614,7614,3898368,128,float32,512,8147,8147,4171264,249.7081400011666,7.761348359642472,252.13888000143925,5.311085437081934,nan,nan,220.58360000228276,13.702162279830523,255.1000000006752,7.244826801919939,nan,nan,sift,sift,sift,bf_ratio,0.8
hpatches,i_castle,illumination,i_castle_1_to_2,1,2,D:\桌面\IACV\Assigment1\data\hpatches\i_castle\1.ppm,D:\桌面\IACV\Assigment1\data\hpatches\i_castle\2.ppm,76,1628,395,0.24262899262899262,3.0,1.1508254350886917,1628,76,48,28,395,0.04668304668304668,0.631578947368421,0.029484029484029485,0.12151898734177215,0.24262899262899262,3.0,0.6583279829930818,0.5713210969118487,True,48,0.631578947368421,0.5483704743864212,20.468440002878197,1.3194654415003224,1628,1628,833536,128,float32,512,1560,1560,798720,56.23350000096252,3.511429811846183,68.94320000137668,3.8480783362537743,nan,nan,67.8736799993203,1.5456567345778256,71.71483999991324,2.303785167049658,nan,nan,sift,sift,sift,bf_ratio,0.8
hpatches,i_castle,illumination,i_castle_1_to_3,1,3,D:\桌面\IACV\Assigment1\data\hpatches\i_castle\1.ppm,D:\桌面\IACV\Assigment1\data\hpatches\i_castle\3.ppm,201,1628,462,0.28378378378378377,3.0,0.37240994739703026,1628,201,162,39,462,0.12346437346437346,0.8059701492537313,0.09950859950859951,0.35064935064935066,0.28378378378378377,3.0,0.48913078150294853,0.3834266046062859,True,162,0.8059701492537313,0.41413316832213204,17.04096000030404,0.5793905852062882,1628,1628,833536,128,float32,512,1198,1198,613376,56.23350000096252,3.511429811846183,68.94320000137668,3.8480783362537743,nan,nan,65.31137999991188,2.645684027591421,66.95815999846673,2.928250611653165,nan,nan,sift,sift,sift,bf_ratio,0.8
hpatches,i_castle,illumination,i_castle_1_to_4,1,4,D:\桌面\IACV\Assigment1\data\hpatches\i_castle\1.ppm,D:\桌面\IACV\Assigment1\data\hpatches\i_castle\4.ppm,151,1628,299,0.18366093366093367,3.0,0.7017839864813455,1628,151,113,38,299,0.09275184275184276,0.7483443708609272,0.06941031941031942,0.3779264214046823,0.18366093366093367,3.0,0.703636817253806,0.6603244789977485,True,114,0.7549668874172185,0.4601114469719576,9.35244000138482,0.29881109990082994,1628,1628,833536,128,float32,512,686,686,351232,56.23350000096252,3.511429811846183,68.94320000137668,3.8480783362537743,nan,nan,50.36099999852013,3.924527457407696,43.99787999864202,0.8816398670459106,nan,nan,sift,sift,sift,bf_ratio,0.8
hpatches,i_castle,illumination,i_castle_1_to_5,1,5,D:\桌面\IACV\Assigment1\data\hpatches\i_castle\1.ppm,D:\桌面\IACV\Assigment1\data\hpatches\i_castle\5.ppm,75,1628,223,0.136977886977887,3.0,1.7483988112328577,1628,75,44,31,223,0.04606879606879607,0.5866666666666667,0.02702702702702703,0.19730941704035873,0.136977886977887,3.0,0.6370075389817885,0.5324229421314166,True,45,0.6,0.6892505552599204,8.815699999104254,0.4780786090293896,1628,1628,833536,128,float32,512,654,654,334848,56.23350000096252,3.511429811846183,68.94320000137668,3.8480783362537743,nan,nan,54.743239998060744,4.744938165763976,44.71670000202721,3.1173353604084144,nan,nan,sift,sift,sift,bf_ratio,0.8
hpatches,i_castle,illumination,i_castle_1_to_6,1,6,D:\桌面\IACV\Assigment1\data\hpatches\i_castle\1.ppm,D:\桌面\IACV\Assigment1\data\hpatches\i_castle\6.ppm,87,1628,319,0.19594594594594594,3.0,0.8695511207050781,1628,87,48,39,319,0.05343980343980344,0.5517241379310345,0.029484029484029485,0.15047021943573669,0.19594594594594594,3.0,0.6123910441040931,0.4277676267545959,True,48,0.5517241379310345,0.5591843132676809,12.822500000766013,0.4841207897349626,1628,1628,833536,128,float32,512,1002,1002,513024,56.23350000096252,3.511429811846183,68.94320000137668,3.8480783362537743,nan,nan,55.73175999743398,5.130471151477083,48.31492000084836,1.2916474792297679,nan,nan,sift,sift,sift,bf_ratio,0.8
hpatches,i_chestnuts,illumination,i_chestnuts_1_to_2,1,2,D:\桌面\IACV\Assigment1\data\hpatches\i_chestnuts\1.ppm,D:\桌面\IACV\Assigment1\data\hpatches\i_chestnuts\2.ppm,891,2034,1222,0.6007866273352999,3.0,0.11121818075477607,2034,891,856,35,1222,0.43805309734513276,0.9607182940516273,0.42084562438544737,0.7004909983633388,0.6007866273352999,3.0,0.2537014451313577,0.13896168128718633,True,856,0.9607182940516273,0.25472267205719157,42.43546000070637,1.97240415206584,2034,2034,1041408,128,float32,512,2674,2674,1369088,90.2233000000706,9.600876873337809,74.8894799995469,3.225387475933379,nan,nan,83.83207999868318,1.158700525184939,91.04757999884896,3.6064474465381604,nan,nan,sift,sift,sift,bf_ratio,0.8
hpatches,i_chestnuts,illumination,i_chestnuts_1_to_3,1,3,D:\桌面\IACV\Assigment1\data\hpatches\i_chestnuts\1.ppm,D:\桌面\IACV\Assigment1\data\hpatches\i_chestnuts\3.ppm,877,2034,1202,0.5909537856440511,3.0,0.08828662604677676,2034,877,839,38,1202,0.4311701081612586,0.9566704675028507,0.41248770894788594,0.6980033277870217,0.5909537856440511,3.0,0.24518711821721278,0.1256654431353502,True,839,0.9566704675028507,0.24461282899934006,43.26376000099117,0.8937330067682612,2034,2034,1041408,128,float32,512,2707,2707,1385984,90.2233000000706,9.600876873337809,74.8894799995469,3.225387475933379,nan,nan,90.60891999833984,5.290329248946962,92.25588000263087,4.484780035708237,nan,nan,sift,sift,sift,bf_ratio,0.8
hpatches,i_chestnuts,illumination,i_chestnuts_1_to_4,1,4,D:\桌面\IACV\Assigment1\data\hpatches\i_chestnuts\1.ppm,D:\桌面\IACV\Assigment1\data\hpatches\i_chestnuts\4.ppm,868,2034,1195,0.5875122910521141,3.0,0.13695087851766782,2034,868,835,33,1195,0.42674532940019666,0.9619815668202765,0.4105211406096362,0.698744769874477,0.5875122910521141,3.0,0.2433629061542253,0.13312952687621477,True,835,0.9619815668202765,0.2437731136356551,42.43222000077367,2.558268291049709,2034,2034,1041408,128,float32,512,2492,2492,1275904,90.2233000000706,9.600876873337809,74.8894799995469,3.225387475933379,nan,nan,95.14200000121491,4.377816788349987,100.2680599980522,6.823981753503996,nan,nan,sift,sift,sift,bf_ratio,0.8
hpatches,i_chestnuts,illumination,i_chestnuts_1_to_5,1,5,D:\桌面\IACV\Assigment1\data\hpatches\i_chestnuts\1.ppm,D:\桌面\IACV\Assigment1\data\hpatches\i_chestnuts\5.ppm,725,2034,1056,0.5191740412979351,3.0,0.29922022867022124,2034,725,692,33,1056,0.35644051130776794,0.9544827586206897,0.34021632251720746,0.6553030303030303,0.5191740412979351,3.0,0.2344634218271917,0.12592503342976713,True,692,0.9544827586206897,0.23731583572779857,34.44843999895966,0.698926792892246,2034,2034,1041408,128,float32,512,2030,2030,1039360,90.2233000000706,9.600876873337809,74.8894799995469,3.225387475933379,nan,nan,88.66851999919163,4.163194126697987,104.27400000044145,2.9566113779388568,nan,nan,sift,sift,sift,bf_ratio,0.8
hpatches,i_chestnuts,illumination,i_chestnuts_1_to_6,1,6,D:\桌面\IACV\Assigment1\data\hpatches\i_chestnuts\1.ppm,D:\桌面\IACV\Assigment1\data\hpatches\i_chestnuts\6.ppm,461,2034,790,0.38839724680432647,3.0,0.2578275366625607,2034,461,418,43,790,0.22664700098328416,0.9067245119305857,0.2055063913470993,0.529113924050633,0.38839724680432647,3.0,0.2739067423360389,0.16119213842499125,True,418,0.9067245119305857,0.27497488382845536,28.679600001487415,1.8155862967083445,2034,2034,1041408,128,float32,512,1754,1754,898048,90.2233000000706,9.600876873337809,74.8894799995469,3.225387475933379,nan,nan,88.37720000155969,4.335593504872103,86.43596000183607,7.007634496556928,nan,nan,sift,sift,sift,bf_ratio,0.8
hpatches,i_contruction,illumination,i_contruction_1_to_2,1,2,D:\桌面\IACV\Assigment1\data\hpatches\i_contruction\1.ppm,D:\桌面\IACV\Assigment1\data\hpatches\i_contruction\2.ppm,4030,5388,4147,0.7696733481811433,3.0,0.1275416273211061,5388,4030,3994,36,4147,0.7479584261321455,0.9910669975186104,0.7412769116555308,0.9631058596575838,0.7696733481811433,3.0,0.25835258106356507,0.1669278873237388,True,3994,0.9910669975186104,0.2575803323136493,243.62504000164336,9.74857565079174,5388,5388,2758656,128,float32,512,5425,5425,2777600,670.1628800001345,50.29896434469399,526.1417400004575,126.97127017561473,nan,nan,671.0949599990272,94.26657505163062,472.09872000239557,71.85669495924633,nan,nan,sift,sift,sift,bf_ratio,0.8
hpatches,i_contruction,illumination,i_contruction_1_to_3,1,3,D:\桌面\IACV\Assigment1\data\hpatches\i_contruction\1.ppm,D:\桌面\IACV\Assigment1\data\hpatches\i_contruction\3.ppm,3986,5388,4090,0.75909428359317,3.0,0.04368281324993192,5388,3986,3949,37,4090,0.7397921306607276,0.9907175112895132,0.7329250185597624,0.9655256723716381,0.75909428359317,3.0,0.25759373049375756,0.17014911408957414,True,3950,0.9909683893627697,0.25601697606254165,234.7189599982812,4.554901777067403,5388,5388,2758656,128,float32,512,5390,5390,2759680,670.1628800001345,50.29896434469399,526.1417400004575,126.97127017561473,nan,nan,527.9998600017279,37.211186542809315,404.05200000095647,8.769920380850296,nan,nan,sift,sift,sift,bf_ratio,0.8
hpatches,i_contruction,illumination,i_contruction_1_to_4,1,4,D:\桌面\IACV\Assigment1\data\hpatches\i_contruction\1.ppm,D:\桌面\IACV\Assigment1\data\hpatches\i_contruction\4.ppm,2988,5388,3362,0.6239792130660727,3.0,0.3121393724045636,5388,2988,2910,78,3362,0.5545657015590201,0.9738955823293173,0.5400890868596881,0.8655562165377751,0.6239792130660727,3.0,0.37917161637484365,0.2519155494566777,True,2910,0.9738955823293173,0.3783749497363749,241.05230000131996,3.682124791004371,5388,5388,2758656,128,float32,512,5474,5474,2802688,670.1628800001345,50.29896434469399,526.1417400004575,126.97127017561473,nan,nan,577.8686200006632,66.52664684060541,550.2947200002382,34.552755514816376,nan,nan,sift,sift,sift,bf_ratio,0.8
hpatches,i_contruction,illumination,i_contruction_1_to_5,1,5,D:\桌面\IACV\Assigment1\data\hpatches\i_contruction\1.ppm,D:\桌面\IACV\Assigment1\data\hpatches\i_contruction\5.ppm,684,5388,2292,0.42538975501113585,3.0,0.47795926552279616,5388,684,596,88,2292,0.12694877505567928,0.8713450292397661,0.11061618411284335,0.2600349040139616,0.42538975501113585,3.0,0.8183900614394652,0.6372398823403884,True,598,0.8742690058479532,0.829557855214114,515.8126600013929,7.01136288251122,5388,5388,2758656,128,float32,512,10620,10620,5437440,670.1628800001345,50.29896434469399,526.1417400004575,126.97127017561473,nan,nan,499.3114199998672,5.546680997577757,599.4632800007821,49.03791260698297,nan,nan,sift,sift,sift,bf_ratio,0.8
hpatches,i_contruction,illumination,i_contruction_1_to_6,1,6,D:\桌面\IACV\Assigment1\data\hpatches\i_contruction\1.ppm,D:\桌面\IACV\Assigment1\data\hpatches\i_contruction\6.ppm,314,5388,1761,0.32683741648106907,3.0,1.1275763238725105,5388,314,241,73,1761,0.058277654046028214,0.767515923566879,0.0447290274684484,0.1368540601930721,0.32683741648106907,3.0,0.9529659385320424,0.7299673430114353,True,244,0.7770700636942676,0.9722211645380237,452.2445200011134,25.207132812714434,5388,5388,2758656,128,float32,512,10174,10174,5209088,670.1628800001345,50.29896434469399,526.1417400004575,126.97127017561473,nan,nan,584.4215200006147,35.45133045190449,563.5037000000011,47.92487922442055,nan,nan,sift,sift,sift,bf_ratio,0.8
hpatches,i_crownday,illumination,i_crownday_1_to_2,1,2,D:\桌面\IACV\Assigment1\data\hpatches\i_crownday\1.ppm,D:\桌面\IACV\Assigment1\data\hpatches\i_crownday\2.ppm,153,2439,618,0.25338253382533826,3.0,0.6014739932074881,2439,153,101,52,618,0.06273062730627306,0.6601307189542484,0.04141041410414104,0.1634304207119741,0.25338253382533826,3.0,0.6837520036003344,0.450681391730772,True,101,0.6601307189542484,0.6302550054431457,53.68187999993097,1.1171215515337334,2439,2439,1248768,128,float32,512,2728,2728,1396736,232.08321999845793,23.730179763740747,199.7972999990452,18.683694364433254,nan,nan,258.11549999925774,28.67960141115396,236.72220000007655,22.454979969686704,nan,nan,sift,sift,sift,bf_ratio,0.8
hpatches,i_crownday,illumination,i_crownday_1_to_3,1,3,D:\桌面\IACV\Assigment1\data\hpatches\i_crownday\1.ppm,D:\桌面\IACV\Assigment1\data\hpatches\i_crownday\3.ppm,266,2439,746,0.3058630586305863,3.0,0.40587657634485647,2439,266,190,76,746,0.1090610906109061,0.7142857142857143,0.07790077900779008,0.2546916890080429,0.3058630586305863,3.0,0.6613884705214976,0.4896212424524684,True,190,0.7142857142857143,0.598013206428207,40.7809600001201,3.756937589228998,2439,2439,1248768,128,float32,512,2497,2497,1278464,232.08321999845793,23.730179763740747,199.7972999990452,18.683694364433254,nan,nan,243.95693999831565,13.881098028699695,182.90864000155125,9.301013872740596,nan,nan,sift,sift,sift,bf_ratio,0.8
hpatches,i_crownday,illumination,i_crownday_1_to_4,1,4,D:\桌面\IACV\Assigment1\data\hpatches\i_crownday\1.ppm,D:\桌面\IACV\Assigment1\data\hpatches\i_crownday\4.ppm,441,2439,898,0.3681836818368184,3.0,0.8092314481304896,2439,441,361,80,898,0.18081180811808117,0.81859410430839,0.14801148011480114,0.40200445434298443,0.3681836818368184,3.0,0.6496840772848103,0.5310562504503007,True,362,0.8208616780045351,0.5787045760359972,50.10611999896355,1.199273794510935,2439,2439,1248768,128,float32,512,2530,2530,1295360,232.08321999845793,23.730179763740747,199.7972999990452,18.683694364433254,nan,nan,227.23001999984263,16.081549242909446,203.03532000107225,14.585694625302686,nan,nan,sift,sift,sift,bf_ratio,0.8
hpatches,i_crownday,illumination,i_crownday_1_to_5,1,5,D:\桌面\IACV\Assigment1\data\hpatches\i_crownday\1.ppm,D:\桌面\IACV\Assigment1\data\hpatches\i_crownday\5.ppm,714,2439,1099,0.45059450594505945,3.0,0.6930515201114518,2439,714,634,80,1099,0.29274292742927427,0.8879551820728291,0.25994259942599424,0.5768880800727935,0.45059450594505945,3.0,0.7360395100573164,0.5899178046811959,True,636,0.8907563025210085,0.6116783784061995,51.452499999140855,0.6864743081545748,2439,2439,1248768,128,float32,512,2447,2447,1252864,232.08321999845793,23.730179763740747,199.7972999990452,18.683694364433254,nan,nan,229.88441999914357,11.418650176056811,216.34173999918858,15.69175597310478,nan,nan,sift,sift,sift,bf_ratio,0.8
hpatches,i_crownday,illumination,i_crownday_1_to_6,1,6,D:\桌面\IACV\Assigment1\data\hpatches\i_crownday\1.ppm,D:\桌面\IACV\Assigment1\data\hpatches\i_crownday\6.ppm,172,2439,594,0.24354243542435425,3.0,1.0557499022905676,2439,172,110,62,594,0.07052070520705207,0.6395348837209303,0.045100451004510045,0.18518518518518517,0.24354243542435425,3.0,0.9138861846339058,0.7874630439359204,True,110,0.6395348837209303,0.6520419480687811,49.64254000078654,0.4516400015854655,2439,2439,1248768,128,float32,512,2442,2442,1250304,232.08321999845793,23.730179763740747,199.7972999990452,18.683694364433254,nan,nan,259.61174000258325,31.60759210438336,231.71199999778764,17.582722695677674,nan,nan,sift,sift,sift,bf_ratio,0.8
hpatches,i_crownnight,illumination,i_crownnight_1_to_2,1,2,D:\桌面\IACV\Assigment1\data\hpatches\i_crownnight\1.ppm,D:\桌面\IACV\Assigment1\data\hpatches\i_crownnight\2.ppm,927,7698,2301,0.29890880748246296,3.0,0.3971888665816612,7698,927,796,131,2301,0.12042088854247857,0.8586839266450917,0.10340348142374643,0.34593654932637985,0.29890880748246296,3.0,0.6968386128951255,0.5481579667921956,True,795,0.8576051779935275,0.5820459411885204,384.59080000029644,7.272419097470533,7698,7698,3941376,128,float32,512,6437,6437,3295744,416.12353999953484,8.981179364097589,377.0578599986038,29.867912268862277,nan,nan,367.163339999388,24.299456518503504,345.7704799977364,33.70998364228519,nan,nan,sift,sift,sift,bf_ratio,0.8
hpatches,i_crownnight,illumination,i_crownnight_1_to_3,1,3,D:\桌面\IACV\Assigment1\data\hpatches\i_crownnight\1.ppm,D:\桌面\IACV\Assigment1\data\hpatches\i_crownnight\3.ppm,906,7698,2236,0.2904650558586646,3.0,0.5586586787649194,7698,906,761,145,2236,0.11769290724863601,0.8399558498896247,0.09885684593400883,0.34033989266547404,0.2904650558586646,3.0,0.6939140893088482,0.5688081653950818,True,762,0.8410596026490066,0.5904350939976312,367.2896000018227,10.556539823317562,7698,7698,3941376,128,float32,512,6013,6013,3078656,416.12353999953484,8.981179364097589,377.0578599986038,29.867912268862277,nan,nan,326.3526800015825,10.25925242490232,307.1190399990883,14.598707168640223,nan,nan,sift,sift,sift,bf_ratio,0.8
hpatches,i_crownnight,illumination,i_crownnight_1_to_4,1,4,D:\桌面\IACV\Assigment1\data\hpatches\i_crownnight\1.ppm,D:\桌面\IACV\Assigment1\data\hpatches\i_crownnight\4.ppm,857,7698,2210,0.28708755520914525,3.0,0.42398114761039757,7698,857,702,155,2210,0.11132761756300338,0.8191365227537923,0.09119251753702261,0.3176470588235294,0.28708755520914525,3.0,0.5908118072891204,0.4598583284863745,True,703,0.8203033838973163,0.5529298943185874,380.4640999995172,16.54145557339262,7698,7698,3941376,128,float32,512,6202,6202,3175424,416.12353999953484,8.981179364097589,377.0578599986038,29.867912268862277,nan,nan,324.6675400005188,17.331189993644177,278.3060600006138,13.19013072667679,nan,nan,sift,sift,sift,bf_ratio,0.8
hpatches,i_crownnight,illumination,i_crownnight_1_to_5,1,5,D:\桌面\IACV\Assigment1\data\hpatches\i_crownnight\1.ppm,D:\桌面\IACV\Assigment1\data\hpatches\i_crownnight\5.ppm,663,7698,1679,0.21810859963626916,3.0,0.5092864001922458,7698,663,520,143,1679,0.08612626656274357,0.7843137254901961,0.06755001299038711,0.3097081596188207,0.21810859963626916,3.0,0.693765606605442,0.5421145856883769,True,519,0.7828054298642534,0.5945660286974902,287.0262399999774,13.442249515359487,7698,7698,3941376,128,float32,512,4597,4597,2353664,416.12353999953484,8.981179364097589,377.0578599986038,29.867912268862277,nan,nan,379.98846000118647,37.273584659260656,293.13488000043435,7.045541707849982,nan,nan,sift,sift,sift,bf_ratio,0.8
hpatches,i_crownnight,illumination,i_crownnight_1_to_6,1,6,D:\桌面\IACV\Assigment1\data\hpatches\i_crownnight\1.ppm,D:\桌面\IACV\Assigment1\data\hpatches\i_crownnight\6.ppm,141,7698,82,0.010652117433099507,3.0,992.1172087026591,7698,141,2,139,82,0.018316445830085737,0.014184397163120567,0.0002598077422707197,0.024390243902439025,0.010652117433099507,3.0,2.0301634618552735,2.0301634618552735,True,6,0.0425531914893617,9.505896654426045e-13,84.81170000013663,4.040835618878071,7698,7698,3941376,128,float32,512,1237,1237,633344,416.12353999953484,8.981179364097589,377.0578599986038,29.867912268862277,nan,nan,361.1064199998509,19.624279049547937,308.91626000084216,5.5554238611185545,nan,nan,sift,sift,sift,bf_ratio,0.8
hpatches,i_dc,illumination,i_dc_1_to_2,1,2,D:\桌面\IACV\Assigment1\data\hpatches\i_dc\1.ppm,D:\桌面\IACV\Assigment1\data\hpatches\i_dc\2.ppm,1199,18451,5301,0.2873015012736437,3.0,0.8608498338990727,18451,1199,815,384,5301,0.06498292775459324,0.6797331109257715,0.04417104763969432,0.15374457649500095,0.2873015012736437,3.0,0.7229995945170554,0.6454195807749094,True,816,0.6805671392827356,0.4696519918304499,2666.2404000002425,469.1745737502406,18451,18451,9446912,128,float32,512,15687,15687,8031744,1283.6770599984447,143.89818181054125,956.8601599996327,56.710590953150714,nan,nan,1015.7829600022524,98.27987721828502,891.0565800004406,25.144260905315804,nan,nan,sift,sift,sift,bf_ratio,0.8
hpatches,i_dc,illumination,i_dc_1_to_3,1,3,D:\桌面\IACV\Assigment1\data\hpatches\i_dc\1.ppm,D:\桌面\IACV\Assigment1\data\hpatches\i_dc\3.ppm,1323,18451,7088,0.3841526204541759,3.0,1.3185061070838815,18451,1323,924,399,7088,0.07170343070836269,0.6984126984126984,0.05007858652647553,0.13036117381489842,0.3841526204541759,3.0,1.2440126398264688,1.2070671712452499,True,929,0.7021919879062736,0.46240768465695037,5775.624200001766,153.19495686134607,18451,18451,9446912,128,float32,512,25684,25684,13150208,1283.6770599984447,143.89818181054125,956.8601599996327,56.710590953150714,nan,nan,988.4857799988822,55.95423219652791,892.0598999990034,17.90949035771202,nan,nan,sift,sift,sift,bf_ratio,0.8
