dataset,method,category,matching_ms_mean,matching_ms_std,matching_ms_count,matching_std_ms_mean,matching_std_ms_std,matching_std_ms_count,detected_keypoints_image1_mean,detected_keypoints_image1_std,detected_keypoints_image1_count,descriptor_memory_bytes_image1_mean,descriptor_memory_bytes_image1_std,descriptor_memory_bytes_image1_count,descriptor_dim_mean,descriptor_dim_std,descriptor_dim_count,bytes_per_descriptor_mean,bytes_per_descriptor_std,bytes_per_descriptor_count,detected_keypoints_image2_mean,detected_keypoints_image2_std,detected_keypoints_image2_count,descriptor_memory_bytes_image2_mean,descriptor_memory_bytes_image2_std,descriptor_memory_bytes_image2_count,detection_ms_image1_mean,detection_ms_image1_std,detection_ms_image1_count,detection_std_ms_image1_mean,detection_std_ms_image1_std,detection_std_ms_image1_count,description_ms_image1_mean,description_ms_image1_std,description_ms_image1_count,description_std_ms_image1_mean,description_std_ms_image1_std,description_std_ms_image1_count,joint_extraction_ms_image1_mean,joint_extraction_ms_image1_std,joint_extraction_ms_image1_count,joint_extraction_std_ms_image1_mean,joint_extraction_std_ms_image1_std,joint_extraction_std_ms_image1_count,detection_ms_image2_mean,detection_ms_image2_std,detection_ms_image2_count,detection_std_ms_image2_mean,detection_std_ms_image2_std,detection_std_ms_image2_count,description_ms_image2_mean,description_ms_image2_std,description_ms_image2_count,description_std_ms_image2_mean,description_std_ms_image2_std,description_std_ms_image2_count,joint_extraction_ms_image2_mean,joint_extraction_ms_image2_std,joint_extraction_ms_image2_count,joint_extraction_std_ms_image2_mean,joint_extraction_std_ms_image2_std,joint_extraction_std_ms_image2_count
hpatches,sift,illumination,13.928373824583424,8.760862396852445,285,0.5755892775333873,0.7865408506232322,285,1665.2456140350878,512.872031945075,285,852605.754385965,262590.4803558784,285,128.0,0.0,285,512.0,0.0,285,1608.4947368421053,580.0408595433663,285,823549.3052631579,296980.92008620355,285,110.10887649133925,155.87983839396523,285,3.8154046746610906,6.958698885064674,285,91.88538666670578,125.9483644157131,285,2.9358382751761405,5.149792981720728,285,,,0,,,0,110.46308708764722,151.8248991047156,285,4.1831187374830785,7.649256695225495,285,90.97517501751753,110.93411565083034,285,3.562430418588302,5.980024050306567,285,,,0,,,0
hpatches,sift,viewpoint,13.666642440519476,4.179440460629823,295,0.38470782846506885,0.39144787117540947,295,1909.2711864406779,393.1532144308311,295,977546.8474576271,201294.44578858552,295,128.0,0.0,295,512.0,0.0,295,1875.3491525423728,420.6460573558333,295,960178.7661016949,215370.78136618665,295,109.90298101648894,39.47097039066909,295,1.9798025972119573,1.8623826131136096,295,82.59266915240806,26.051776765491418,295,1.2394434579899145,0.6321104714365043,295,,,0,,,0,102.62566054240362,35.86736259937564,295,1.880612956172656,2.490810774552338,295,78.81224854241552,24.8016174193491,295,1.6255141884810516,2.289169172814443,295,,,0,,,0
hpatches,orb,illumination,10.198062105367793,1.9597747736116478,285,0.2849641374395289,0.3816864748607916,285,1956.859649122807,231.00244180439896,285,62619.508771929824,7392.078137740767,285,32.0,0.0,285,32.0,0.0,285,1940.2105263157894,250.0475121642099,285,62086.73684210526,8001.520389254717,285,6.4754922806873525,3.9995845365868945,285,0.25053141735469325,0.2791693840724943,285,4.680724210374408,2.997572196231248,285,0.1746245351615783,0.2641256399636619,285,,,0,,,0,6.581969052668571,5.019157341187049,285,0.2364003544173175,0.24787048514621804,285,4.664104842109066,2.9918602401007957,285,0.13809115870691846,0.15848739204883971,285,,,0,,,0
hpatches,orb,viewpoint,10.62966094912677,1.42322103091138,295,0.23429890047823815,0.18156668144728919,295,2005.1525423728813,166.63902630251945,295,64164.8813559322,5332.4488416806225,295,32.0,0.0,295,32.0,0.0,295,2006.5050847457628,189.76307948228924,295,64208.16271186441,6072.418543433256,295,9.912269830361396,4.518455666854132,295,0.28668311543324265,0.26461982691856156,295,5.60002576286502,1.2515771542250682,295,0.17100236913168848,0.07998677314437029,295,,,0,,,0,8.816723389865759,3.639452891302109,295,0.26876741838995655,0.2789300978178001,295,5.384487728829993,1.1794653624765616,295,0.16167962125055427,0.20125458795798226,295,,,0,,,0
hpatches,kaze,illumination,5.162771508693001,3.562863497937891,285,0.14877506944069477,0.1818012303821523,285,1396.140350877193,641.3621463475076,285,357411.9298245614,164188.70946496195,285,64.0,0.0,285,256.0,0.0,285,1406.8736842105263,671.6393897796885,285,360159.66315789474,171939.68378360025,285,324.8724154383557,391.00396670993274,285,7.232732334603906,12.320006385348364,285,261.22379859632673,292.43096593433097,285,3.8180372244847414,4.545594256333728,285,,,0,,,0,321.9203137544549,377.39493681220904,285,6.212991092048553,13.679263016243347,285,262.09553192971117,289.51609691422374,285,5.492640490433291,8.95694742513576,285,,,0,,,0
hpatches,kaze,viewpoint,7.4975253559720025,2.9014426506891926,295,0.2052859850593345,0.15070405395253367,295,1797.050847457627,509.34600002932945,295,460045.0169491525,130392.57600750834,295,64.0,0.0,295,256.0,0.0,295,1798.1084745762712,503.28158672872394,295,460315.7694915254,128840.08620255333,295,418.5725820337627,154.08791725130632,295,7.6141134736606775,6.299946647125784,295,331.59374033892135,112.44988533948369,295,6.8394075134943675,6.527567444989756,295,,,0,,,0,393.9917564067656,139.21154454168962,295,8.697728469165787,11.20166840016315,295,314.8996368813786,105.27271362811048,295,6.678661463437309,7.469985851414873,295,,,0,,,0
hpatches,fast_brief,illumination,9.11038133318295,1.9960696445078379,285,0.3413525540689133,0.5277462962363827,285,1991.0,204.43868532236758,285,58381.47368421053,7011.8642568021205,285,32.0,0.0,285,32.0,0.0,285,1965.5929824561404,261.80522263405663,285,57551.71929824561,8431.075498521774,285,3.586121403337497,3.141199677308113,285,0.11439398373083685,0.09717794595837848,285,3.084712631601162,1.0859136213761444,285,0.13081857765175478,0.13161480105738774,285,,,0,,,0,3.8472535437649,4.470251491930004,285,0.11959650296151872,0.18860176436333068,285,3.069903298164718,1.1292617127793925,285,0.13081274035842055,0.18892476427761723,285,,,0,,,0
hpatches,fast_brief,viewpoint,9.408642508447668,1.1039914476740957,295,0.24161997343078132,0.2594867912739949,295,2048.0,0.0,295,60817.898305084746,3979.140258963902,295,32.0,0.0,295,32.0,0.0,295,2030.3118644067797,119.15706362250631,295,61014.779661016946,4593.621751017562,295,6.49573898322237,4.541350919821599,295,0.24286417199352137,0.2693765831092168,295,3.435284745661439,0.5153331920144119,295,0.11452126734120076,0.06401790187361107,295,,,0,,,0,5.508613152403811,3.792024667065682,295,0.22003136193724684,0.3282938352847592,295,3.394622305024344,0.4865667022172483,295,0.143451534805619,0.1683498032881154,295,,,0,,,0
hpatches,fast_brisk,illumination,10.098531578995264,1.842507123159796,285,0.2612949321047983,0.259088794506521,285,1991.0,204.43868532236758,285,122996.77192982456,13064.62307231802,285,64.0,0.0,285,64.0,0.0,285,1965.5929824561404,261.80522263405663,285,121394.75087719299,16330.265221632073,285,3.672511579204359,3.193113103225467,285,0.17669762296806335,0.2596191511013347,285,10.685993333090824,1.4982480339075606,285,0.14817778955737856,0.11261541991570409,285,,,0,,,0,3.8123527718473045,4.37626830476491,285,0.10636610476094208,0.09187741871060473,285,10.567252140297153,1.732975434813375,285,0.20825056481070556,0.3434426493006985,285,,,0,,,0
hpatches,fast_brisk,viewpoint,10.628963593152841,0.7924766269076489,295,0.24201587117101248,0.17692151121394875,295,2048.0,0.0,295,127250.44067796611,3638.7355968684947,295,64.0,0.0,295,64.0,0.0,295,2030.3118644067797,119.15706362250631,295,126744.73220338982,7741.286483165158,295,6.457313898111244,4.471503478627187,295,0.22206251583556819,0.40240352203612867,295,11.166645762470148,0.7549847857439693,295,0.2568381919756843,0.6249128984255539,295,,,0,,,0,5.43741877957334,3.7538749183738416,295,0.15069304226534566,0.1680219467787652,295,10.979638101747142,0.8228931689283839,295,0.18203059691327989,0.2841952889241373,295,,,0,,,0
hpatches,fast_freak,illumination,9.356749403834744,1.849333371701154,285,0.25497109404736046,0.3300490320617026,285,1991.0,204.43868532236758,285,118616.70175438597,13557.207264093195,285,64.0,0.0,285,64.0,0.0,285,1965.5929824561404,261.80522263405663,285,117018.04912280702,16518.63990787465,285,3.6254852630296037,3.2269851829158642,285,0.18013507827730424,0.3109395092996292,285,7.904403508776643,1.478243026865778,285,0.1936387382580679,0.26208438949260804,285,,,0,,,0,3.820413263083697,4.429566065672491,285,0.12959827229091145,0.17404395658193214,285,7.800978245616997,1.566505999692972,285,0.19743552315789362,0.34521779602585617,285,,,0,,,0
hpatches,fast_freak,viewpoint,10.049309491616935,1.0288397416704014,295,0.25877038111894063,0.2748510673322757,295,2048.0,0.0,295,123227.1186440678,6909.970005656539,295,64.0,0.0,295,64.0,0.0,295,2030.3118644067797,119.15706362250631,295,123450.79322033898,8640.477324145326,295,6.479261695087682,4.519636809434895,295,0.2184781757973678,0.17660128192809652,295,8.340314237284474,0.6124636159425413,295,0.22879079903081942,0.33829002837417055,295,,,0,,,0,5.521724406867564,3.793436958449053,295,0.2068906918775318,0.2537105990897215,295,8.151933559329027,0.7477601639503062,295,0.2039566487502781,0.221654023207095,295,,,0,,,0
