dataset,method,category,pair_count,reference_index_mean,reference_index_std,reference_index_count,target_index_mean,target_index_std,target_index_count,raw_putative_matches_mean,raw_putative_matches_std,raw_putative_matches_count,detector_n_features_mean,detector_n_features_std,detector_n_features_count,detector_n_correspondences_mean,detector_n_correspondences_std,detector_n_correspondences_count,detector_repeatability_mean,detector_repeatability_std,detector_repeatability_count,ransac_threshold_px_mean,ransac_threshold_px_std,ransac_threshold_px_count,homography_error_px_mean,homography_error_px_std,homography_error_px_count,n_features_mean,n_features_std,n_features_count,n_putative_mean,n_putative_std,n_putative_count,n_correct_mean,n_correct_std,n_correct_count,n_incorrect_mean,n_incorrect_std,n_incorrect_count,n_correspondences_mean,n_correspondences_std,n_correspondences_count,pmr_mean,pmr_std,pmr_count,precision_mean,precision_std,precision_count,matching_score_mean,matching_score_std,matching_score_count,recall_mean,recall_std,recall_count,repeatability_mean,repeatability_std,repeatability_count,correctness_threshold_px_mean,correctness_threshold_px_std,correctness_threshold_px_count,mean_correct_gt_error_px_mean,mean_correct_gt_error_px_std,mean_correct_gt_error_px_count,median_correct_gt_error_px_mean,median_correct_gt_error_px_std,median_correct_gt_error_px_count,homography_success_mean,homography_success_std,homography_success_count,ransac_inliers_mean,ransac_inliers_std,ransac_inliers_count,ransac_inlier_ratio_mean,ransac_inlier_ratio_std,ransac_inlier_ratio_count,ransac_reprojection_error_px_mean,ransac_reprojection_error_px_std,ransac_reprojection_error_px_count,matching_ms_mean,matching_ms_std,matching_ms_count,matching_std_ms_mean,matching_std_ms_std,matching_std_ms_count,detected_before_limit_image1_mean,detected_before_limit_image1_std,detected_before_limit_image1_count,detected_keypoints_image1_mean,detected_keypoints_image1_std,detected_keypoints_image1_count,features_image1_total_mean,features_image1_total_std,features_image1_total_count,descriptor_memory_bytes_image1_mean,descriptor_memory_bytes_image1_std,descriptor_memory_bytes_image1_count,descriptor_dim_mean,descriptor_dim_std,descriptor_dim_count,bytes_per_descriptor_mean,bytes_per_descriptor_std,bytes_per_descriptor_count,detected_before_limit_image2_mean,detected_before_limit_image2_std,detected_before_limit_image2_count,detected_keypoints_image2_mean,detected_keypoints_image2_std,detected_keypoints_image2_count,features_image2_total_mean,features_image2_total_std,features_image2_total_count,descriptor_memory_bytes_image2_mean,descriptor_memory_bytes_image2_std,descriptor_memory_bytes_image2_count,detection_ms_image1_mean,detection_ms_image1_std,detection_ms_image1_count,detection_std_ms_image1_mean,detection_std_ms_image1_std,detection_std_ms_image1_count,description_ms_image1_mean,description_ms_image1_std,description_ms_image1_count,description_std_ms_image1_mean,description_std_ms_image1_std,description_std_ms_image1_count,joint_extraction_ms_image1_mean,joint_extraction_ms_image1_std,joint_extraction_ms_image1_count,joint_extraction_std_ms_image1_mean,joint_extraction_std_ms_image1_std,joint_extraction_std_ms_image1_count,detection_ms_image2_mean,detection_ms_image2_std,detection_ms_image2_count,detection_std_ms_image2_mean,detection_std_ms_image2_std,detection_std_ms_image2_count,description_ms_image2_mean,description_ms_image2_std,description_ms_image2_count,description_std_ms_image2_mean,description_std_ms_image2_std,description_std_ms_image2_count,joint_extraction_ms_image2_mean,joint_extraction_ms_image2_std,joint_extraction_ms_image2_count,joint_extraction_std_ms_image2_mean,joint_extraction_std_ms_image2_std,joint_extraction_std_ms_image2_count,ratio_threshold_mean,ratio_threshold_std,ratio_threshold_count
hpatches,sift,illumination,285,1.0,0.0,285,4.0,1.4167011870966746,285,355.919298245614,285.0839704803796,285,1665.059649122807,513.1195807761899,285,590.7473684210527,305.70205398674113,285,0.369110312794644,0.17026959167170783,285,3.0,0.0,285,23.52051480584412,125.31428945285002,285,1665.059649122807,513.1195807761899,285,355.9157894736842,285.0871622271267,285,295.18947368421055,285.0689919484346,285,60.72631578947368,89.9219272603956,285,590.7473684210527,305.70205398674113,285,0.22784874246948636,0.1733646183093086,285,0.7186438851545865,0.2679807216106951,285,0.1924092375356901,0.1769380502542605,285,0.42557046681149874,0.26977575803840737,285,0.369110312794644,0.17026959167170783,285,3.0,0.0,285,0.8431930135086166,0.6001839397197329,281,0.7562176497410918,0.6752840353637934,281,1.0,0.0,285,310.6771929824561,285.6460203640852,285,0.7571125339057474,0.2216015500591108,285,0.49224037340941534,0.20336001510774424,285,13.928373824583424,8.760862396852445,285,0.5755892775333873,0.7865408506232322,285,3306.0526315789475,3132.647770988514,285,1665.2456140350878,512.872031945075,285,1665.2456140350878,512.872031945075,285,852605.754385965,262590.4803558784,285,128.0,0.0,285,512.0,0.0,285,3544.178947368421,4938.035178296163,285,1608.4947368421053,580.0408595433663,285,1608.4947368421053,580.0408595433663,285,823549.3052631579,296980.92008620355,285,110.10887649133925,155.87983839396523,285,3.8154046746610906,6.958698885064674,285,91.88538666670578,125.9483644157131,285,2.9358382751761405,5.149792981720728,285,,,0,,,0,110.46308708764722,151.8248991047156,285,4.1831187374830785,7.649256695225495,285,90.97517501751753,110.93411565083034,285,3.562430418588302,5.980024050306567,285,,,0,,,0,0.8,0.0,285
hpatches,sift,viewpoint,295,1.0,0.0,295,4.0,1.4166166457755731,295,461.0101694915254,305.17145269911504,295,1771.3254237288136,443.7239472444981,295,674.2847457627119,300.70443418630504,295,0.3774585957488325,0.13692381291716332,295,3.0,0.0,295,103.90048015790141,868.149667692152,295,1771.3254237288136,443.7239472444981,295,456.91525423728814,306.52495365874597,295,391.2949152542373,307.2313900220382,295,65.62033898305084,47.742915489908405,295,674.2847457627119,300.70443418630504,295,0.25349634275797134,0.15158729672278792,295,0.7449370705971684,0.24794565755787779,295,0.21498829954732812,0.15598165687641405,295,0.5104098885136636,0.2753561977543431,295,0.3774585957488325,0.13692381291716332,295,3.0,0.0,295,1.0103635482553015,0.41606666187053704,293,0.9231818321719959,0.44612200383652834,293,1.0,0.0,295,389.7084745762712,303.55741664476926,295,0.7413584952842223,0.23180038577756926,295,0.816858204888704,0.34249736796130714,295,13.666642440519476,4.179440460629823,295,0.38470782846506885,0.39144787117540947,295,6810.796610169492,5124.997978362504,295,1909.2711864406779,393.1532144308311,295,1909.2711864406779,393.1532144308311,295,977546.8474576271,201294.44578858552,295,128.0,0.0,295,512.0,0.0,295,5581.1016949152545,4148.019996044156,295,1875.3491525423728,420.6460573558333,295,1875.3491525423728,420.6460573558333,295,960178.7661016949,215370.78136618665,295,109.90298101648894,39.47097039066909,295,1.9798025972119573,1.8623826131136096,295,82.59266915240806,26.051776765491418,295,1.2394434579899145,0.6321104714365043,295,,,0,,,0,102.62566054240362,35.86736259937564,295,1.880612956172656,2.490810774552338,295,78.81224854241552,24.8016174193491,295,1.6255141884810516,2.289169172814443,295,,,0,,,0,0.8,0.0,295
hpatches,orb,illumination,285,1.0,0.0,285,4.0,1.4167011870966746,285,362.5438596491228,337.9152255434265,285,1956.859649122807,231.00244180439896,285,963.8771929824561,408.1209634174964,285,0.4961080816196158,0.20841181295594502,285,3.0,0.0,285,43.321341558274234,253.20326500368387,284,1956.859649122807,231.00244180439896,285,362.5438596491228,337.9152255434265,285,307.3438596491228,337.13243052308496,285,55.2,78.79992493025664,285,963.8771929824561,408.1209634174964,285,0.18660833559415274,0.1722731154617443,285,0.6867864530806935,0.2855893745712703,285,0.1586448079731503,0.17248246784787227,285,0.2572924808230267,0.21307158127805273,285,0.4961080816196158,0.20841181295594502,285,3.0,0.0,285,0.8741381555382561,0.6125147232231268,274,0.6492257265555526,0.835491624415563,274,0.9964912280701754,0.05923488777590924,285,320.3719298245614,338.96994224341194,285,0.7286187464217712,0.24326084861404315,285,0.7233199561171569,0.3210940121245131,284,10.198062105367793,1.9597747736116478,285,0.2849641374395289,0.3816864748607916,285,1956.859649122807,231.00244180439896,285,1956.859649122807,231.00244180439896,285,1956.859649122807,231.00244180439896,285,62619.508771929824,7392.078137740767,285,32.0,0.0,285,32.0,0.0,285,1940.2105263157894,250.0475121642099,285,1940.2105263157894,250.0475121642099,285,1940.2105263157894,250.0475121642099,285,62086.73684210526,8001.520389254717,285,6.4754922806873525,3.9995845365868945,285,0.25053141735469325,0.2791693840724943,285,4.680724210374408,2.997572196231248,285,0.1746245351615783,0.2641256399636619,285,,,0,,,0,6.581969052668571,5.019157341187049,285,0.2364003544173175,0.24787048514621804,285,4.664104842109066,2.9918602401007957,285,0.13809115870691846,0.15848739204883971,285,,,0,,,0,0.8,0.0,285
hpatches,orb,viewpoint,295,1.0,0.0,295,4.0,1.4166166457755731,295,340.10169491525426,264.63650432033415,295,1888.6915254237288,348.6435372761122,295,967.5186440677966,382.97248461337836,295,0.5085683585697643,0.16983071780089792,295,3.0,0.0,295,118.32646787715419,452.8417697667098,293,1888.6915254237288,348.6435372761122,295,337.44406779661017,266.4718771591667,295,284.50847457627117,263.8012143835775,295,52.93559322033898,30.031376804254872,295,967.5186440677966,382.97248461337836,295,0.17333684024973817,0.1306800181145714,295,0.6852767695176384,0.27863159906510965,295,0.14543203761440401,0.13042289790504596,295,0.2548277540765728,0.18462398750248865,295,0.5085683585697643,0.16983071780089792,295,3.0,0.0,295,1.341546471025675,0.32062737801711316,288,1.2795249916138711,0.37547103925291064,288,0.9932203389830508,0.08219854588411483,295,286.1050847457627,261.91613227941315,295,0.695290995226867,0.25581585267855145,295,1.1321965745248728,0.26171132798872565,293,10.62966094912677,1.42322103091138,295,0.23429890047823815,0.18156668144728919,295,2005.1525423728813,166.63902630251945,295,2005.1525423728813,166.63902630251945,295,2005.1525423728813,166.63902630251945,295,64164.8813559322,5332.4488416806225,295,32.0,0.0,295,32.0,0.0,295,2006.5050847457628,189.76307948228924,295,2006.5050847457628,189.76307948228924,295,2006.5050847457628,189.76307948228924,295,64208.16271186441,6072.418543433256,295,9.912269830361396,4.518455666854132,295,0.28668311543324265,0.26461982691856156,295,5.60002576286502,1.2515771542250682,295,0.17100236913168848,0.07998677314437029,295,,,0,,,0,8.816723389865759,3.639452891302109,295,0.26876741838995655,0.2789300978178001,295,5.384487728829993,1.1794653624765616,295,0.16167962125055427,0.20125458795798226,295,,,0,,,0,0.8,0.0,295
hpatches,kaze,illumination,285,1.0,0.0,285,4.0,1.4167011870966746,285,351.9017543859649,311.8093678244906,285,1396.1298245614034,641.3729447154728,285,638.5894736842105,414.06164476253343,285,0.47037062903512694,0.22170947584416348,285,3.0,0.0,285,258.55944886280065,3763.0191943488003,283,1396.1298245614034,641.3729447154728,285,351.9017543859649,311.8093678244906,285,297.00701754385966,293.89837269319383,285,54.89473684210526,120.61081109872269,285,638.5894736842105,414.06164476253343,285,0.26469789165348895,0.20064574979141858,285,0.7668285452077851,0.25218226620060763,285,0.2283353333099858,0.19895981147006442,285,0.4026069966162883,0.24025168540838535,285,0.47037062903512694,0.22170947584416348,285,3.0,0.0,285,0.9430381674420131,0.5756693813857056,276,0.8320491088132673,0.6400615613117272,276,0.9929824561403509,0.08362316783147769,285,318.19649122807016,303.9456435170559,285,0.8169408810291416,0.17624369002579104,285,0.6205340585612668,0.26426764390892427,283,5.162771508693001,3.562863497937891,285,0.14877506944069477,0.1818012303821523,285,2075.0526315789475,1672.06709192431,285,1396.140350877193,641.3621463475076,285,1396.140350877193,641.3621463475076,285,357411.9298245614,164188.70946496195,285,64.0,0.0,285,256.0,0.0,285,2268.378947368421,2247.672996266756,285,1406.8736842105263,671.6393897796885,285,1406.8736842105263,671.6393897796885,285,360159.66315789474,171939.68378360025,285,324.8724154383557,391.00396670993274,285,7.232732334603906,12.320006385348364,285,261.22379859632673,292.43096593433097,285,3.8180372244847414,4.545594256333728,285,,,0,,,0,321.9203137544549,377.39493681220904,285,6.212991092048553,13.679263016243347,285,262.09553192971117,289.51609691422374,285,5.492640490433291,8.95694742513576,285,,,0,,,0,0.8,0.0,285
hpatches,kaze,viewpoint,295,1.0,0.0,295,4.0,1.4166166457755731,295,379.09491525423726,308.33680091287624,295,1671.128813559322,524.3536581934301,295,784.0440677966102,387.15775945276516,295,0.4575108420874903,0.15935943986157308,295,3.0,0.0,295,140.98281984877,1113.4311567242294,295,1671.128813559322,524.3536581934301,295,376.8033898305085,308.7845196578137,295,323.20338983050846,300.150222006886,295,53.6,39.6574962245818,295,784.0440677966102,387.15775945276516,295,0.21959667884374248,0.1552838969707063,295,0.740303372728274,0.2348052864379233,295,0.1870374945199587,0.15341436624844804,295,0.3553085377301414,0.21608939762606003,295,0.4575108420874903,0.15935943986157308,295,3.0,0.0,295,1.236203905159648,0.3872857333422101,291,1.1579326112764954,0.45180272536199223,291,1.0,0.0,295,321.335593220339,296.89149038351854,295,0.742394313626561,0.20743995043525482,295,1.0497574859021659,0.3122884241222416,295,7.4975253559720025,2.9014426506891926,295,0.2052859850593345,0.15070405395253367,295,4605.186440677966,3249.784275805288,295,1797.050847457627,509.34600002932945,295,1797.050847457627,509.34600002932945,295,460045.0169491525,130392.57600750834,295,64.0,0.0,295,256.0,0.0,295,3814.576271186441,2574.496130633316,295,1798.1084745762712,503.28158672872394,295,1798.1084745762712,503.28158672872394,295,460315.7694915254,128840.08620255333,295,418.5725820337627,154.08791725130632,295,7.6141134736606775,6.299946647125784,295,331.59374033892135,112.44988533948369,295,6.8394075134943675,6.527567444989756,295,,,0,,,0,393.9917564067656,139.21154454168962,295,8.697728469165787,11.20166840016315,295,314.8996368813786,105.27271362811048,295,6.678661463437309,7.469985851414873,295,,,0,,,0,0.8,0.0,295
hpatches,fast_brief,illumination,285,1.0,0.0,285,4.0,1.4167011870966746,285,533.2315789473685,354.1750319045807,285,1990.6842105263158,204.38972696603741,285,1005.6771929824562,335.89105954076376,285,0.5074338533184517,0.16393454915828182,285,3.0,0.0,285,12.145141035490743,84.89012345397846,285,1824.421052631579,219.12075802506627,285,533.2315789473685,354.1750319045807,285,460.95087719298243,360.0354115617701,285,72.28070175438596,113.99041755902317,285,918.7087719298246,314.3787458997292,285,0.2938172773002318,0.19005765141257172,285,0.7724972111988999,0.24677425261171101,285,0.2545188049394363,0.19437871307668814,285,0.44734049958317973,0.2685196683286605,285,0.5063536353566498,0.164564674866168,285,3.0,0.0,285,0.9596881711401322,0.6038285358918054,282,0.8411162833508736,0.7746207120924761,282,1.0,0.0,285,483.99298245614034,361.6979324198272,285,0.8139721451338342,0.20264127118731784,285,0.745300333841607,0.27051115736108106,285,9.11038133318295,1.9960696445078379,285,0.3413525540689133,0.5277462962363827,285,11626.59649122807,10541.618995742356,285,1991.0,204.43868532236758,285,1824.421052631579,219.12075802506627,285,58381.47368421053,7011.8642568021205,285,32.0,0.0,285,32.0,0.0,285,12314.564912280703,14251.761689231678,285,1965.5929824561404,261.80522263405663,285,1798.4912280701753,263.4711093288054,285,57551.71929824561,8431.075498521774,285,3.586121403337497,3.141199677308113,285,0.11439398373083685,0.09717794595837848,285,3.084712631601162,1.0859136213761444,285,0.13081857765175478,0.13161480105738774,285,,,0,,,0,3.8472535437649,4.470251491930004,285,0.11959650296151872,0.18860176436333068,285,3.069903298164718,1.1292617127793925,285,0.13081274035842055,0.18892476427761723,285,,,0,,,0,0.8,0.0,285
hpatches,fast_brief,viewpoint,295,1.0,0.0,295,4.0,1.4166166457755731,295,303.2271186440678,288.59872444602667,295,1869.1084745762712,329.42220355228545,295,907.4677966101694,353.24165209632434,295,0.49086962314561056,0.1728169030848444,295,3.0,0.0,295,138.21636583352353,500.2647292332648,290,1765.95593220339,323.18302362424134,295,300.2915254237288,289.4399525850347,295,244.84406779661018,290.55702325999573,295,55.447457627118645,28.61716194523959,295,853.5322033898306,345.91959391744905,295,0.16607546694197003,0.15323610898507617,295,0.5850165413440912,0.326736035747166,295,0.1341255236460758,0.15517125585858368,295,0.24931807181649976,0.24727589335135158,295,0.4830735498522788,0.16748987958680836,295,3.0,0.0,295,1.2446829874451906,0.3386714172353536,272,1.1780685088698386,0.3903243009366648,272,0.9830508474576272,0.12930023908528038,295,245.0813559322034,288.4766938289971,295,0.5887083458083365,0.3039453128924949,295,0.9702121627286935,0.28925495110951494,290,9.408642508447668,1.1039914476740957,295,0.24161997343078132,0.2594867912739949,295,20573.15254237288,15261.92630317204,295,2048.0,0.0,295,1900.5593220338983,124.34813309262194,295,60817.898305084746,3979.140258963902,295,32.0,0.0,295,32.0,0.0,295,17395.589830508474,12896.1335445635,295,2030.3118644067797,119.15706362250631,295,1906.7118644067796,143.5506797192988,295,61014.779661016946,4593.621751017562,295,6.49573898322237,4.541350919821599,295,0.24286417199352137,0.2693765831092168,295,3.435284745661439,0.5153331920144119,295,0.11452126734120076,0.06401790187361107,295,,,0,,,0,5.508613152403811,3.792024667065682,295,0.22003136193724684,0.3282938352847592,295,3.394622305024344,0.4865667022172483,295,0.143451534805619,0.1683498032881154,295,,,0,,,0,0.8,0.0,295
hpatches,fast_brisk,illumination,285,1.0,0.0,285,4.0,1.4167011870966746,285,382.41754385964913,305.57875884973294,285,1990.6842105263158,204.38972696603741,285,1005.6771929824562,335.89105954076376,285,0.5074338533184517,0.16393454915828182,285,3.0,0.0,285,42.091542435764424,486.76641677590476,285,1921.761403508772,204.16302667920056,285,382.41754385964913,305.57875884973294,285,328.7964912280702,310.22083340840106,285,53.62105263157895,75.42315074234271,285,968.7684210526315,326.0822431242596,285,0.20008864960857764,0.15630285701581684,285,0.7354877922034544,0.2662800360913068,285,0.1720703090425579,0.1588469043524268,285,0.2917808775450563,0.22075383122062442,285,0.5066061442633908,0.16431799270876213,285,3.0,0.0,285,0.7134062459423494,0.6787744354995918,280,0.5761787014283196,0.8223553084070164,280,1.0,0.0,285,340.7263157894737,309.5185644426168,285,0.7677908421374866,0.22848881081399025,285,0.465506390395484,0.20205823906391876,285,10.098531578995264,1.842507123159796,285,0.2612949321047983,0.259088794506521,285,11626.59649122807,10541.618995742356,285,1991.0,204.43868532236758,285,1921.8245614035088,204.13473550496906,285,122996.77192982456,13064.62307231802,285,64.0,0.0,285,64.0,0.0,285,12314.564912280703,14251.761689231678,285,1965.5929824561404,261.80522263405663,285,1896.7929824561404,255.16039408800114,285,121394.75087719299,16330.265221632073,285,3.672511579204359,3.193113103225467,285,0.17669762296806335,0.2596191511013347,285,10.685993333090824,1.4982480339075606,285,0.14817778955737856,0.11261541991570409,285,,,0,,,0,3.8123527718473045,4.37626830476491,285,0.10636610476094208,0.09187741871060473,285,10.567252140297153,1.732975434813375,285,0.20825056481070556,0.3434426493006985,285,,,0,,,0,0.8,0.0,285
hpatches,fast_brisk,viewpoint,295,1.0,0.0,295,4.0,1.4166166457755731,295,206.8542372881356,201.40897179385814,295,1869.1084745762712,329.42220355228545,295,907.4677966101694,353.24165209632434,295,0.49086962314561056,0.1728169030848444,295,3.0,0.0,295,269.26297667047544,1144.5356897244537,290,1829.6372881355933,325.60001227368025,295,204.0406779661017,202.30413818325474,295,158.59661016949153,202.38357698530754,295,45.44406779661017,25.542736438316336,295,887.1254237288135,350.485835591219,295,0.1086373507724068,0.10438948993692444,295,0.5429420326786794,0.3237096988201676,293,0.08386970076867431,0.10509213035310783,295,0.1487974853526015,0.16005405193620476,295,0.4878256713190864,0.17025581949633511,295,3.0,0.0,295,1.150775242083046,0.3969756224902185,275,1.1032794927379277,0.42940791875429474,275,0.9830508474576272,0.12930023908528032,295,159.55593220338983,201.30963076608893,295,0.5515423161603927,0.29822460222845,295,0.7805382086962358,0.2771499265004627,290,10.628963593152841,0.7924766269076489,295,0.24201587117101248,0.17692151121394875,295,20573.15254237288,15261.92630317204,295,2048.0,0.0,295,1988.2881355932204,56.85524370107023,295,127250.44067796611,3638.7355968684947,295,64.0,0.0,295,64.0,0.0,295,17395.589830508474,12896.1335445635,295,2030.3118644067797,119.15706362250631,295,1980.386440677966,120.95760129945559,295,126744.73220338982,7741.286483165158,295,6.457313898111244,4.471503478627187,295,0.22206251583556819,0.40240352203612867,295,11.166645762470148,0.7549847857439693,295,0.2568381919756843,0.6249128984255539,295,,,0,,,0,5.43741877957334,3.7538749183738416,295,0.15069304226534566,0.1680219467787652,295,10.979638101747142,0.8228931689283839,295,0.18203059691327989,0.2841952889241373,295,,,0,,,0,0.8,0.0,295
hpatches,fast_freak,illumination,285,1.0,0.0,285,4.0,1.4167011870966746,285,365.7543859649123,276.4204595308475,285,1990.6842105263158,204.38972696603741,285,1005.6771929824562,335.89105954076376,285,0.5074338533184517,0.16393454915828182,285,3.0,0.0,285,24.750799023785344,135.9995865624516,285,1853.3859649122808,211.83136350145617,285,365.7543859649123,276.4204595308475,285,296.97543859649124,287.9078174806031,285,68.77894736842106,62.14802506930393,285,933.7052631578947,317.11118613762284,285,0.19856694983663464,0.1461984374860087,285,0.6633481451231413,0.28575244944178047,285,0.1615424325220343,0.1527935362311631,285,0.27196379745990457,0.21150569774178138,285,0.506503172722774,0.16452985957041286,285,3.0,0.0,285,0.771004459017423,0.6853431608159696,280,0.6378802874052899,0.822256820404963,280,1.0,0.0,285,307.10526315789474,286.0754286066584,285,0.6933177600759373,0.25962920696023273,285,0.5069134410350631,0.24546249324815506,285,9.356749403834744,1.849333371701154,285,0.25497109404736046,0.3300490320617026,285,11626.59649122807,10541.618995742356,285,1991.0,204.43868532236758,285,1853.3859649122808,211.83136350145617,285,118616.70175438597,13557.207264093195,285,64.0,0.0,285,64.0,0.0,285,12314.564912280703,14251.761689231678,285,1965.5929824561404,261.80522263405663,285,1828.4070175438596,258.1037485605414,285,117018.04912280702,16518.63990787465,285,3.6254852630296037,3.2269851829158642,285,0.18013507827730424,0.3109395092996292,285,7.904403508776643,1.478243026865778,285,0.1936387382580679,0.26208438949260804,285,,,0,,,0,3.820413263083697,4.429566065672491,285,0.12959827229091145,0.17404395658193214,285,7.800978245616997,1.566505999692972,285,0.19743552315789362,0.34521779602585617,285,,,0,,,0,0.8,0.0,285
hpatches,fast_freak,viewpoint,295,1.0,0.0,295,4.0,1.4166166457755731,295,237.65084745762712,190.33322942163434,295,1869.1084745762712,329.42220355228545,295,907.4677966101694,353.24165209632434,295,0.49086962314561056,0.1728169030848444,295,3.0,0.0,295,186.36121150949705,716.5575291006501,293,1784.6305084745763,323.6114908733167,295,233.35593220338984,191.6135533665009,295,168.41016949152544,193.58384575786934,295,64.9457627118644,29.218921055209716,295,863.522033898305,347.6672484852702,295,0.12827699365894898,0.10016854895010743,295,0.5315553110758868,0.3058969517082508,295,0.09220528923087588,0.1023589035515579,295,0.1664219391114102,0.15484345789560602,295,0.4844190405621327,0.1682297180074306,295,3.0,0.0,295,1.1233364659947929,0.36968757915789263,281,1.07319555116918,0.4191999462568859,281,0.9932203389830508,0.08219854588411483,295,168.79322033898305,192.2390128176847,295,0.5239987471571623,0.29373907997845394,295,0.8126487469193743,0.2533944209226226,293,10.049309491616935,1.0288397416704014,295,0.25877038111894063,0.2748510673322757,295,20573.15254237288,15261.92630317204,295,2048.0,0.0,295,1925.4237288135594,107.96828133838342,295,123227.1186440678,6909.970005656539,295,64.0,0.0,295,64.0,0.0,295,17395.589830508474,12896.1335445635,295,2030.3118644067797,119.15706362250631,295,1928.9186440677965,135.00745818977072,295,123450.79322033898,8640.477324145326,295,6.479261695087682,4.519636809434895,295,0.2184781757973678,0.17660128192809652,295,8.340314237284474,0.6124636159425413,295,0.22879079903081942,0.33829002837417055,295,,,0,,,0,5.521724406867564,3.793436958449053,295,0.2068906918775318,0.2537105990897215,295,8.151933559329027,0.7477601639503062,295,0.2039566487502781,0.221654023207095,295,,,0,,,0,0.8,0.0,295
