dataset,sequence,category,pair,reference_index,target_index,image1,image2,raw_putative_matches,detector_n_features,detector_n_correspondences,detector_repeatability,ransac_threshold_px,homography_error_px,n_features,n_putative,n_correct,n_incorrect,n_correspondences,pmr,precision,matching_score,recall,repeatability,correctness_threshold_px,mean_correct_gt_error_px,median_correct_gt_error_px,homography_success,ransac_inliers,ransac_inlier_ratio,ransac_reprojection_error_px,matching_ms,matching_std_ms,detected_before_limit_image1,detected_keypoints_image1,features_image1_total,descriptor_memory_bytes_image1,descriptor_dim,descriptor_dtype,bytes_per_descriptor,detected_before_limit_image2,detected_keypoints_image2,features_image2_total,descriptor_memory_bytes_image2,detection_ms_image1,detection_std_ms_image1,description_ms_image1,description_std_ms_image1,joint_extraction_ms_image1,joint_extraction_std_ms_image1,detection_ms_image2,detection_std_ms_image2,description_ms_image2,description_std_ms_image2,joint_extraction_ms_image2,joint_extraction_std_ms_image2,method,detector,descriptor,matcher,ratio_threshold
graf,graf,viewpoint,graf_1_to_2,1,2,D:\桌面\IACV\Assigment1\data\graf\img1.ppm,D:\桌面\IACV\Assigment1\data\graf\img2.ppm,456,994,520,0.5231388329979879,3.0,0.4845460698147916,994,453,438,15,520,0.4557344064386318,0.9668874172185431,0.44064386317907445,0.8423076923076923,0.5231388329979879,3.0,0.45127943359358536,0.28889350319201357,True,439,0.9627192982456141,0.46494940482293884,4.632560000754893,0.1220268752528205,1061,1061,1061,543232,128,float32,512,1243,1243,1243,636416,13.84546000190312,0.16097282364450854,14.327499999490101,0.22222234677434652,nan,nan,14.091600001847837,0.22999092368844895,15.423379999992903,0.142450979545696,nan,nan,sift,sift,sift,bf_ratio,0.8
graf,graf,viewpoint,graf_1_to_4,1,4,D:\桌面\IACV\Assigment1\data\graf\img1.ppm,D:\桌面\IACV\Assigment1\data\graf\img4.ppm,66,995,341,0.342713567839196,3.0,1.6914980137099154,995,66,32,34,341,0.06633165829145729,0.48484848484848486,0.032160804020100506,0.093841642228739,0.342713567839196,3.0,1.0042947136664977,0.9384808903285198,True,33,0.5,1.0980863431488532,4.9201799993170425,0.07941005720821316,1061,1061,1061,543232,128,float32,512,1330,1330,1330,680960,13.84546000190312,0.16097282364450854,14.327499999490101,0.22222234677434652,nan,nan,14.429820000077598,0.2483046135223287,15.522320002492052,0.32342248384599837,nan,nan,sift,sift,sift,bf_ratio,0.8
graf,graf,viewpoint,graf_1_to_2,1,2,D:\桌面\IACV\Assigment1\data\graf\img1.ppm,D:\桌面\IACV\Assigment1\data\graf\img2.ppm,702,1992,1487,0.7464859437751004,3.0,0.29146835082026246,1992,702,671,31,1487,0.35240963855421686,0.9558404558404558,0.33684738955823296,0.4512441156691325,0.7464859437751004,3.0,1.0683410268548448,0.9324971422811589,True,673,0.9586894586894587,1.0666821517821887,10.352639999473467,0.3211694845586474,2000,2000,2000,64000,32,uint8,32,1994,1994,1994,63808,3.011459998378996,0.027503207992967876,2.0655800006352365,0.01202354513208121,nan,nan,2.876079999259673,0.14239371500350512,2.230500000587199,0.09073755351353589,nan,nan,orb,orb,orb,bf_ratio,0.8
graf,graf,viewpoint,graf_1_to_4,1,4,D:\桌面\IACV\Assigment1\data\graf\img1.ppm,D:\桌面\IACV\Assigment1\data\graf\img4.ppm,32,1992,1061,0.5326305220883534,3.0,21.20754751398329,1992,32,8,24,1061,0.01606425702811245,0.25,0.004016064257028112,0.007540056550424128,0.5326305220883534,3.0,1.000992388935984,1.1628392548515551,True,12,0.375,0.7485135632417451,10.073860001284629,0.10773062133508411,2000,2000,2000,64000,32,uint8,32,1971,1971,1971,63072,3.011459998378996,0.027503207992967876,2.0655800006352365,0.01202354513208121,nan,nan,2.9996399985975586,0.1364414982481176,2.0537200034596026,0.03889084236170153,nan,nan,orb,orb,orb,bf_ratio,0.8
graf,graf,viewpoint,graf_1_to_2,1,2,D:\桌面\IACV\Assigment1\data\graf\img1.ppm,D:\桌面\IACV\Assigment1\data\graf\img2.ppm,557,1228,866,0.7052117263843648,3.0,0.4172002444742057,1228,556,537,19,866,0.4527687296416938,0.9658273381294964,0.4372964169381108,0.6200923787528868,0.7052117263843648,3.0,0.7803874656183106,0.6091318827622952,True,538,0.9658886894075404,0.7849567147673459,4.598740000801627,0.7258951456443765,1271,1271,1271,325376,64,float32,256,1387,1387,1387,355072,58.5914600014803,0.7121768707674199,57.6024400012102,0.6732610840497175,nan,nan,65.89647999790031,5.431954043946413,67.73311999713769,2.2651585443553115,nan,nan,kaze,kaze,kaze,bf_ratio,0.8
graf,graf,viewpoint,graf_1_to_4,1,4,D:\桌面\IACV\Assigment1\data\graf\img1.ppm,D:\桌面\IACV\Assigment1\data\graf\img4.ppm,59,1229,524,0.42636289666395444,3.0,5.399459608808977,1229,59,27,32,524,0.04800650935720097,0.4576271186440678,0.021969080553295363,0.05152671755725191,0.42636289666395444,3.0,1.3288452564001136,1.3962306101234039,True,30,0.5084745762711864,1.4321122372257318,3.3083399990573525,0.09721281144606499,1271,1271,1271,325376,64,float32,256,1239,1239,1239,317184,58.5914600014803,0.7121768707674199,57.6024400012102,0.6732610840497175,nan,nan,57.81461999868043,1.369431170066382,55.11916000104975,0.8816530945224222,nan,nan,kaze,kaze,kaze,bf_ratio,0.8
graf,graf,viewpoint,graf_1_to_2,1,2,D:\桌面\IACV\Assigment1\data\graf\img1.ppm,D:\桌面\IACV\Assigment1\data\graf\img2.ppm,72,1929,1219,0.631933644375324,3.0,2.4777048228231506,1517,72,39,33,933,0.047462096242584045,0.5416666666666666,0.025708635464733027,0.04180064308681672,0.6150296638101516,3.0,1.2284592742147653,0.996000356036763,True,39,0.5416666666666666,1.250712584394233,6.016619998263195,0.45884762221670916,3256,2048,1528,48896,32,uint8,32,3410,2048,1522,48704,0.9759799999301322,0.022288687913521787,1.731259998632595,0.02983304409896055,nan,nan,1.049559999955818,0.027690906806778014,1.6939800028922036,0.09553335244514674,nan,nan,fast_brief,fast,brief,bf_ratio,0.8
graf,graf,viewpoint,graf_1_to_4,1,4,D:\桌面\IACV\Assigment1\data\graf\img1.ppm,D:\桌面\IACV\Assigment1\data\graf\img4.ppm,20,1947,915,0.4699537750385208,3.0,225.74655995214894,1517,20,0,20,693,0.013183915622940013,0.0,0.0,0.0,0.45682267633487145,3.0,nan,nan,True,5,0.25,0.5725922540277381,5.7933000003686175,0.08943312463584749,3256,2048,1528,48896,32,uint8,32,4096,2048,1488,47616,0.9759799999301322,0.022288687913521787,1.731259998632595,0.02983304409896055,nan,nan,1.1863600026117638,0.03748000048195003,1.792579999892041,0.02786541819992376,nan,nan,fast_brief,fast,brief,bf_ratio,0.8
graf,graf,viewpoint,graf_1_to_2,1,2,D:\桌面\IACV\Assigment1\data\graf\img1.ppm,D:\桌面\IACV\Assigment1\data\graf\img2.ppm,483,1929,1219,0.631933644375324,3.0,0.4820199967207581,1733,482,449,33,1090,0.27813040969417197,0.9315352697095436,0.2590882862088863,0.41192660550458715,0.6289671090594345,3.0,0.6999285603089171,0.6065698971149381,True,449,0.9296066252587992,0.6918130277462249,8.904559999064077,0.3627572084307806,3256,2048,1800,115200,64,uint8,64,3410,2048,1855,118720,0.9173600003123283,0.023412612891667687,10.160900000482798,0.18437200272592502,nan,nan,1.0185999984969385,0.03207790613226206,10.235380001540761,0.020238419882399935,nan,nan,fast_brisk,fast,brisk,bf_ratio,0.8
graf,graf,viewpoint,graf_1_to_4,1,4,D:\桌面\IACV\Assigment1\data\graf\img1.ppm,D:\桌面\IACV\Assigment1\data\graf\img4.ppm,89,1947,915,0.4699537750385208,3.0,0.7776096888541426,1742,89,32,57,825,0.05109070034443169,0.3595505617977528,0.018369690011481057,0.03878787878787879,0.473593570608496,3.0,1.002405799865062,0.8616243895012188,True,32,0.3595505617977528,0.9625845646280392,8.760720001009759,0.09045791208790498,3256,2048,1800,115200,64,uint8,64,4096,2048,1839,117696,0.9173600003123283,0.023412612891667687,10.160900000482798,0.18437200272592502,nan,nan,1.1805600006482564,0.012375558248947191,10.220680000202265,0.06426661394653477,nan,nan,fast_brisk,fast,brisk,bf_ratio,0.8
graf,graf,viewpoint,graf_1_to_2,1,2,D:\桌面\IACV\Assigment1\data\graf\img1.ppm,D:\桌面\IACV\Assigment1\data\graf\img2.ppm,493,1929,1219,0.631933644375324,3.0,0.24801530679333966,1580,493,457,36,983,0.3120253164556962,0.9269776876267748,0.2892405063291139,0.4649033570701933,0.6221518987341772,3.0,0.746438844194566,0.6124362674613585,True,457,0.9269776876267748,0.7368614213713368,7.29404000157956,0.151833876786246,3256,2048,1602,102528,64,uint8,64,3410,2048,1616,103424,0.9865599990007468,0.0268161613154918,7.264060000306927,0.015419676652689075,nan,nan,1.0642799970810302,0.010135758761398595,7.389319999492727,0.09025981096446324,nan,nan,fast_freak,fast,freak,bf_ratio,0.8
graf,graf,viewpoint,graf_1_to_4,1,4,D:\桌面\IACV\Assigment1\data\graf\img1.ppm,D:\桌面\IACV\Assigment1\data\graf\img4.ppm,74,1947,915,0.4699537750385208,3.0,2.689377835487098,1583,73,29,44,733,0.04611497157296273,0.3972602739726027,0.01831964624131396,0.03956343792633015,0.46304485154769426,3.0,1.1104986850766612,0.9117016907289971,True,28,0.3783783783783784,0.9909799078669914,6.914080001297407,0.07879333484151822,3256,2048,1602,102528,64,uint8,64,4096,2048,1601,102464,0.9865599990007468,0.0268161613154918,7.264060000306927,0.015419676652689075,nan,nan,1.233220002905,0.06336855372636269,7.52807999815559,0.073858443229261,nan,nan,fast_freak,fast,freak,bf_ratio,0.8
graf,graf,viewpoint,graf_1_to_2,1,2,D:\桌面\IACV\Assigment1\data\graf\img1.ppm,D:\桌面\IACV\Assigment1\data\graf\img2.ppm,337,879,526,0.5984072810011376,3.0,0.6955231784276079,879,337,303,34,526,0.3833902161547213,0.8991097922848664,0.3447098976109215,0.5760456273764258,0.5984072810011376,3.0,1.0732801136229588,0.8843407257364929,True,301,0.8931750741839762,1.0338461132902559,6.5325399991706945,0.1228801780625141,nan,913,913,934912,256,float32,1024,nan,978,978,1001472,nan,nan,nan,nan,4.929059999994934,0.039370934596957244,nan,nan,nan,nan,4.975359998934437,0.052451447654020954,superpoint,superpoint,superpoint,bf_ratio,0.8
graf,graf,viewpoint,graf_1_to_4,1,4,D:\桌面\IACV\Assigment1\data\graf\img1.ppm,D:\桌面\IACV\Assigment1\data\graf\img4.ppm,9,885,409,0.46214689265536724,3.0,28.57635253479826,885,9,7,2,409,0.010169491525423728,0.7777777777777778,0.007909604519774011,0.017114914425427872,0.46214689265536724,3.0,1.2172660606482775,0.9429255019577949,True,7,0.7777777777777778,0.6522795790347918,7.375619997037575,0.31192601416937976,nan,913,913,934912,256,float32,1024,nan,1136,1136,1163264,nan,nan,nan,nan,4.929059999994934,0.039370934596957244,nan,nan,nan,nan,5.718459999479819,0.8839668888639493,superpoint,superpoint,superpoint,bf_ratio,0.8
graf,graf,viewpoint,graf_1_to_2,1,2,D:\桌面\IACV\Assigment1\data\graf\img1.ppm,D:\桌面\IACV\Assigment1\data\graf\img2.ppm,487,879,526,0.5984072810011376,3.0,0.5103367957567663,879,487,473,14,526,0.5540386803185438,0.971252566735113,0.5381114903299203,0.8992395437262357,0.5984072810011376,3.0,1.0962258623426755,0.9662929254352414,True,473,0.971252566735113,1.0695027621192577,19.405540001753252,0.22443257023999275,nan,913,913,934912,256,float32,1024,nan,978,978,1001472,nan,nan,nan,nan,5.170700000599027,0.06732865656720166,nan,nan,nan,nan,5.047259997809306,0.06499398683957319,superpoint_lightglue,superpoint,superpoint,lightglue,nan
graf,graf,viewpoint,graf_1_to_4,1,4,D:\桌面\IACV\Assigment1\data\graf\img1.ppm,D:\桌面\IACV\Assigment1\data\graf\img4.ppm,400,885,409,0.46214689265536724,3.0,2.12434124061374,885,400,349,51,409,0.4519774011299435,0.8725,0.3943502824858757,0.8533007334963325,0.46214689265536724,3.0,1.2436693393775584,1.130469433724583,True,370,0.925,1.3903806209839233,19.462219999695662,0.3489545511752236,nan,913,913,934912,256,float32,1024,nan,1136,1136,1163264,nan,nan,nan,nan,5.170700000599027,0.06732865656720166,nan,nan,nan,nan,5.354719997558277,0.5689760826429061,superpoint_lightglue,superpoint,superpoint,lightglue,nan
