dataset,sequence,category,pair,reference_index,target_index,image1,image2,raw_putative_matches,detector_n_features,detector_n_correspondences,detector_repeatability,ransac_threshold_px,homography_error_px,n_features,n_putative,n_correct,n_incorrect,n_correspondences,pmr,precision,matching_score,recall,repeatability,correctness_threshold_px,mean_correct_gt_error_px,median_correct_gt_error_px,homography_success,ransac_inliers,ransac_inlier_ratio,ransac_reprojection_error_px,matching_ms,matching_std_ms,detected_keypoints_image1,features_image1_total,descriptor_memory_bytes_image1,descriptor_dim,descriptor_dtype,bytes_per_descriptor,detected_keypoints_image2,features_image2_total,descriptor_memory_bytes_image2,detection_ms_image1,detection_std_ms_image1,description_ms_image1,description_std_ms_image1,detection_ms_image2,detection_std_ms_image2,description_ms_image2,description_std_ms_image2,method,detector,descriptor,matcher,ratio_threshold
hpatches,i_ajuntament,illumination,i_ajuntament_1_to_2,1,2,D:\桌面\IACV\Assigment1\data\hpatches\i_ajuntament\1.ppm,D:\桌面\IACV\Assigment1\data\hpatches\i_ajuntament\2.ppm,339,840,429,0.5107142857142857,3.0,0.5213957953661534,840,339,289,50,429,0.4035714285714286,0.8525073746312685,0.34404761904761905,0.6736596736596736,0.5107142857142857,3.0,0.7566753937217454,0.6226378066961266,True,289,0.8525073746312685,0.6779978749025928,5.297100004099775,0.0,840,840,430080,128,float32,512,780,780,399360,45.21040000690846,0.0,36.69649999937974,0.0,44.66110000066692,0.0,38.86700000293786,0.0,sift,sift,sift,bf_ratio,0.8
hpatches,i_ajuntament,illumination,i_ajuntament_1_to_3,1,3,D:\桌面\IACV\Assigment1\data\hpatches\i_ajuntament\1.ppm,D:\桌面\IACV\Assigment1\data\hpatches\i_ajuntament\3.ppm,48,840,111,0.13214285714285715,3.0,9.885762113929374,840,48,13,35,111,0.05714285714285714,0.2708333333333333,0.015476190476190477,0.11711711711711711,0.13214285714285715,3.0,1.4706834210864055,1.2398035626577755,True,15,0.3125,1.0263100994945162,2.27170000289334,0.0,840,840,430080,128,float32,512,417,417,213504,45.21040000690846,0.0,36.69649999937974,0.0,45.94359999464359,0.0,36.663200000475626,0.0,sift,sift,sift,bf_ratio,0.8
hpatches,i_ajuntament,illumination,i_ajuntament_1_to_4,1,4,D:\桌面\IACV\Assigment1\data\hpatches\i_ajuntament\1.ppm,D:\桌面\IACV\Assigment1\data\hpatches\i_ajuntament\4.ppm,38,840,58,0.06904761904761905,3.0,466.7528641613402,840,38,8,30,58,0.04523809523809524,0.21052631578947367,0.009523809523809525,0.13793103448275862,0.06904761904761905,3.0,1.280752571234388,1.2703068508422182,True,7,0.18421052631578946,0.210280721707802,1.8710000003920868,0.0,840,840,430080,128,float32,512,302,302,154624,45.21040000690846,0.0,36.69649999937974,0.0,44.432300004700664,0.0,33.48089999781223,0.0,sift,sift,sift,bf_ratio,0.8
hpatches,i_ajuntament,illumination,i_ajuntament_1_to_5,1,5,D:\桌面\IACV\Assigment1\data\hpatches\i_ajuntament\1.ppm,D:\桌面\IACV\Assigment1\data\hpatches\i_ajuntament\5.ppm,39,840,61,0.07261904761904762,3.0,447.51321703682265,840,39,7,32,61,0.04642857142857143,0.1794871794871795,0.008333333333333333,0.11475409836065574,0.07261904761904762,3.0,0.8445229457209197,0.723840995654588,True,7,0.1794871794871795,0.10288653218981213,2.198100002715364,0.0,840,840,430080,128,float32,512,236,236,120832,45.21040000690846,0.0,36.69649999937974,0.0,44.541499999468215,0.0,34.2951000056928,0.0,sift,sift,sift,bf_ratio,0.8
hpatches,i_ajuntament,illumination,i_ajuntament_1_to_6,1,6,D:\桌面\IACV\Assigment1\data\hpatches\i_ajuntament\1.ppm,D:\桌面\IACV\Assigment1\data\hpatches\i_ajuntament\6.ppm,33,840,59,0.07023809523809524,3.0,1081.6220476080648,840,33,7,26,59,0.039285714285714285,0.21212121212121213,0.008333333333333333,0.11864406779661017,0.07023809523809524,3.0,0.9352645921547508,0.7613079681243201,True,7,0.21212121212121213,1.024411831776147,2.711599998292513,0.0,840,840,430080,128,float32,512,290,290,148480,45.21040000690846,0.0,36.69649999937974,0.0,54.43600000580773,0.0,41.13199999846984,0.0,sift,sift,sift,bf_ratio,0.8
hpatches,v_adam,viewpoint,v_adam_1_to_2,1,2,D:\桌面\IACV\Assigment1\data\hpatches\v_adam\1.ppm,D:\桌面\IACV\Assigment1\data\hpatches\v_adam\2.ppm,267,642,300,0.4672897196261682,3.0,0.8939262991060297,642,267,258,9,300,0.4158878504672897,0.9662921348314607,0.40186915887850466,0.86,0.4672897196261682,3.0,0.8411017732262916,0.7753361604614959,True,258,0.9662921348314607,0.7108875401416459,2.607099995657336,0.0,642,642,328704,128,float32,512,432,432,221184,46.435500000370666,0.0,40.085099994030315,0.0,44.55400000006193,0.0,38.020400003006216,0.0,sift,sift,sift,bf_ratio,0.8
hpatches,v_adam,viewpoint,v_adam_1_to_3,1,3,D:\桌面\IACV\Assigment1\data\hpatches\v_adam\1.ppm,D:\桌面\IACV\Assigment1\data\hpatches\v_adam\3.ppm,196,642,226,0.35202492211838005,3.0,1.3433446335035562,642,196,189,7,226,0.3052959501557632,0.9642857142857143,0.29439252336448596,0.8362831858407079,0.35202492211838005,3.0,1.0130018039628514,0.9483182520557476,True,189,0.9642857142857143,1.030209997033811,2.073699994070921,0.0,642,642,328704,128,float32,512,318,318,162816,46.435500000370666,0.0,40.085099994030315,0.0,47.77520000061486,0.0,37.5246999974479,0.0,sift,sift,sift,bf_ratio,0.8
hpatches,v_adam,viewpoint,v_adam_1_to_4,1,4,D:\桌面\IACV\Assigment1\data\hpatches\v_adam\1.ppm,D:\桌面\IACV\Assigment1\data\hpatches\v_adam\4.ppm,81,642,158,0.24610591900311526,3.0,3.0676483941385895,642,81,63,18,158,0.1261682242990654,0.7777777777777778,0.09813084112149532,0.3987341772151899,0.24610591900311526,3.0,1.4192387233190822,1.5039030711668577,True,62,0.7654320987654321,1.076164276474462,2.224999996542465,0.0,642,642,328704,128,float32,512,290,290,148480,46.435500000370666,0.0,40.085099994030315,0.0,44.587199998204596,0.0,39.0793999977177,0.0,sift,sift,sift,bf_ratio,0.8
hpatches,v_adam,viewpoint,v_adam_1_to_5,1,5,D:\桌面\IACV\Assigment1\data\hpatches\v_adam\1.ppm,D:\桌面\IACV\Assigment1\data\hpatches\v_adam\5.ppm,166,642,224,0.34890965732087226,3.0,1.5373148331206807,642,166,155,11,224,0.2585669781931464,0.9337349397590361,0.24143302180685358,0.6919642857142857,0.34890965732087226,3.0,1.093818421433129,1.03339975102505,True,156,0.9397590361445783,0.9259572712068748,2.447099999699276,0.0,642,642,328704,128,float32,512,318,318,162816,46.435500000370666,0.0,40.085099994030315,0.0,45.567000001028646,0.0,38.098199998785276,0.0,sift,sift,sift,bf_ratio,0.8
hpatches,v_adam,viewpoint,v_adam_1_to_6,1,6,D:\桌面\IACV\Assigment1\data\hpatches\v_adam\1.ppm,D:\桌面\IACV\Assigment1\data\hpatches\v_adam\6.ppm,142,642,195,0.3037383177570093,3.0,2.476936045523776,642,142,124,18,195,0.22118380062305296,0.8732394366197183,0.19314641744548286,0.6358974358974359,0.3037383177570093,3.0,1.3028196139926504,1.1307245327716218,True,122,0.8591549295774648,1.1627883837867106,1.847999999881722,0.0,642,642,328704,128,float32,512,291,291,148992,46.435500000370666,0.0,40.085099994030315,0.0,44.76019999856362,0.0,35.88370000215946,0.0,sift,sift,sift,bf_ratio,0.8
hpatches,i_ajuntament,illumination,i_ajuntament_1_to_2,1,2,D:\桌面\IACV\Assigment1\data\hpatches\i_ajuntament\1.ppm,D:\桌面\IACV\Assigment1\data\hpatches\i_ajuntament\2.ppm,253,500,401,0.802,3.0,0.6929790124186246,500,253,232,21,401,0.506,0.9169960474308301,0.464,0.5785536159600998,0.802,3.0,0.4689568157941311,0.0,True,232,0.9169960474308301,0.5786435269214335,1.5758999943500385,0.0,500,500,16000,32,uint8,32,500,500,16000,1380.5981000041356,0.0,3.5083000038866885,0.0,4.359799997473601,0.0,5.342799995560199,0.0,orb,orb,orb,bf_ratio,0.8
hpatches,i_ajuntament,illumination,i_ajuntament_1_to_3,1,3,D:\桌面\IACV\Assigment1\data\hpatches\i_ajuntament\1.ppm,D:\桌面\IACV\Assigment1\data\hpatches\i_ajuntament\3.ppm,18,500,126,0.252,3.0,19.612557727691875,500,18,8,10,126,0.036,0.4444444444444444,0.016,0.06349206349206349,0.252,3.0,0.6324472427368164,0.0,True,10,0.5555555555555556,0.7212762867927531,1.7479000016464852,0.0,500,500,16000,32,uint8,32,500,500,16000,1380.5981000041356,0.0,3.5083000038866885,0.0,3.81290000223089,0.0,3.33880000107456,0.0,orb,orb,orb,bf_ratio,0.8
hpatches,i_ajuntament,illumination,i_ajuntament_1_to_4,1,4,D:\桌面\IACV\Assigment1\data\hpatches\i_ajuntament\1.ppm,D:\桌面\IACV\Assigment1\data\hpatches\i_ajuntament\4.ppm,8,500,68,0.136,3.0,376.47255159311817,500,8,0,8,68,0.016,0.0,0.0,0.0,0.136,3.0,nan,nan,True,4,0.5,6.615010875318525e-13,1.622800002223812,0.0,500,500,16000,32,uint8,32,500,500,16000,1380.5981000041356,0.0,3.5083000038866885,0.0,3.275700000813231,0.0,3.3506000036140904,0.0,orb,orb,orb,bf_ratio,0.8
hpatches,i_ajuntament,illumination,i_ajuntament_1_to_5,1,5,D:\桌面\IACV\Assigment1\data\hpatches\i_ajuntament\1.ppm,D:\桌面\IACV\Assigment1\data\hpatches\i_ajuntament\5.ppm,8,500,65,0.13,3.0,397.8387595487953,500,8,1,7,65,0.016,0.125,0.002,0.015384615384615385,0.13,3.0,0.7547438519528484,0.7547438519528484,True,4,0.5,8.913050738582861e-14,1.5673999951104634,0.0,500,500,16000,32,uint8,32,500,500,16000,1380.5981000041356,0.0,3.5083000038866885,0.0,2.95880000339821,0.0,3.1806999977561645,0.0,orb,orb,orb,bf_ratio,0.8
hpatches,i_ajuntament,illumination,i_ajuntament_1_to_6,1,6,D:\桌面\IACV\Assigment1\data\hpatches\i_ajuntament\1.ppm,D:\桌面\IACV\Assigment1\data\hpatches\i_ajuntament\6.ppm,8,500,80,0.16,3.0,442.2750360157026,500,8,1,7,80,0.016,0.125,0.002,0.0125,0.16,3.0,0.3455810560349734,0.3455810560349734,True,4,0.5,2.582643668144701e-13,1.739700004691258,0.0,500,500,16000,32,uint8,32,500,500,16000,1380.5981000041356,0.0,3.5083000038866885,0.0,3.5053000028710812,0.0,3.6104999962844886,0.0,orb,orb,orb,bf_ratio,0.8
hpatches,v_adam,viewpoint,v_adam_1_to_2,1,2,D:\桌面\IACV\Assigment1\data\hpatches\v_adam\1.ppm,D:\桌面\IACV\Assigment1\data\hpatches\v_adam\2.ppm,144,500,272,0.544,3.0,2.5372716624293488,500,144,132,12,272,0.288,0.9166666666666666,0.264,0.4852941176470588,0.544,3.0,1.109431000331514,1.0582938626952152,True,132,0.9166666666666666,1.048006298598121,1.5793999991728924,0.0,500,500,16000,32,uint8,32,500,500,16000,3.5480000005918555,0.0,3.7748000031569973,0.0,3.481100000499282,0.0,2.944200001365971,0.0,orb,orb,orb,bf_ratio,0.8
hpatches,v_adam,viewpoint,v_adam_1_to_3,1,3,D:\桌面\IACV\Assigment1\data\hpatches\v_adam\1.ppm,D:\桌面\IACV\Assigment1\data\hpatches\v_adam\3.ppm,115,500,233,0.466,3.0,1.7589739675193745,500,115,103,12,233,0.23,0.8956521739130435,0.206,0.44206008583690987,0.466,3.0,1.2548601908536137,1.2508733140774828,True,105,0.9130434782608695,1.155724743785824,1.6538999989279546,0.0,500,500,16000,32,uint8,32,500,500,16000,3.5480000005918555,0.0,3.7748000031569973,0.0,2.948300003481563,0.0,3.3507000043755397,0.0,orb,orb,orb,bf_ratio,0.8
hpatches,v_adam,viewpoint,v_adam_1_to_4,1,4,D:\桌面\IACV\Assigment1\data\hpatches\v_adam\1.ppm,D:\桌面\IACV\Assigment1\data\hpatches\v_adam\4.ppm,27,500,190,0.38,3.0,28.068143955331287,500,27,18,9,190,0.054,0.6666666666666666,0.036,0.09473684210526316,0.38,3.0,1.4210990950540365,1.5770127947362593,True,17,0.6296296296296297,0.7307711177765515,1.6632000042591244,0.0,500,500,16000,32,uint8,32,500,500,16000,3.5480000005918555,0.0,3.7748000031569973,0.0,2.814400002534967,0.0,3.88810000004014,0.0,orb,orb,orb,bf_ratio,0.8
hpatches,v_adam,viewpoint,v_adam_1_to_5,1,5,D:\桌面\IACV\Assigment1\data\hpatches\v_adam\1.ppm,D:\桌面\IACV\Assigment1\data\hpatches\v_adam\5.ppm,74,500,237,0.474,3.0,3.2582619831097905,500,74,67,7,237,0.148,0.9054054054054054,0.134,0.28270042194092826,0.474,3.0,1.4984503097101918,1.4145246436854815,True,67,0.9054054054054054,1.1644456619260348,1.6962000008788891,0.0,500,500,16000,32,uint8,32,500,500,16000,3.5480000005918555,0.0,3.7748000031569973,0.0,2.269900003739167,0.0,2.6320999968447722,0.0,orb,orb,orb,bf_ratio,0.8
hpatches,v_adam,viewpoint,v_adam_1_to_6,1,6,D:\桌面\IACV\Assigment1\data\hpatches\v_adam\1.ppm,D:\桌面\IACV\Assigment1\data\hpatches\v_adam\6.ppm,93,500,252,0.504,3.0,17.22961452622421,500,93,83,10,252,0.186,0.8924731182795699,0.166,0.32936507936507936,0.504,3.0,1.5419150308958238,1.5855819341995663,True,71,0.7634408602150538,1.226884426433501,1.6001000039977953,0.0,500,500,16000,32,uint8,32,500,500,16000,3.5480000005918555,0.0,3.7748000031569973,0.0,2.9696000055992045,0.0,2.998500000103377,0.0,orb,orb,orb,bf_ratio,0.8
hpatches,i_ajuntament,illumination,i_ajuntament_1_to_2,1,2,D:\桌面\IACV\Assigment1\data\hpatches\i_ajuntament\1.ppm,D:\桌面\IACV\Assigment1\data\hpatches\i_ajuntament\2.ppm,272,490,335,0.6836734693877551,3.0,0.3036585520943657,490,272,261,11,335,0.5551020408163265,0.9595588235294118,0.5326530612244897,0.7791044776119403,0.6836734693877551,3.0,0.5956677366216933,0.45361081159635924,True,262,0.9632352941176471,0.4924297653174741,1.6776999982539564,0.0,490,490,125440,64,float32,256,447,447,114432,257.24320000153966,0.0,230.0974000027054,0.0,297.79189999680966,0.0,232.58419999910984,0.0,kaze,kaze,kaze,bf_ratio,0.8
hpatches,i_ajuntament,illumination,i_ajuntament_1_to_3,1,3,D:\桌面\IACV\Assigment1\data\hpatches\i_ajuntament\1.ppm,D:\桌面\IACV\Assigment1\data\hpatches\i_ajuntament\3.ppm,37,490,140,0.2857142857142857,3.0,2.1691876107865222,490,37,20,17,140,0.07551020408163266,0.5405405405405406,0.04081632653061224,0.14285714285714285,0.2857142857142857,3.0,0.8501956940559307,0.6836583653659541,True,20,0.5405405405405406,0.7494304068742451,1.2206000028527342,0.0,490,490,125440,64,float32,256,399,399,102144,257.24320000153966,0.0,230.0974000027054,0.0,268.9204999987851,0.0,233.65409999678377,0.0,kaze,kaze,kaze,bf_ratio,0.8
hpatches,i_ajuntament,illumination,i_ajuntament_1_to_4,1,4,D:\桌面\IACV\Assigment1\data\hpatches\i_ajuntament\1.ppm,D:\桌面\IACV\Assigment1\data\hpatches\i_ajuntament\4.ppm,11,490,61,0.12448979591836734,3.0,1227.2954480236565,490,11,5,6,61,0.022448979591836733,0.45454545454545453,0.01020408163265306,0.08196721311475409,0.12448979591836734,3.0,0.9329180163847951,0.8209782634880296,True,6,0.5454545454545454,0.5366293292033107,1.1816999976872467,0.0,490,490,125440,64,float32,256,240,240,61440,257.24320000153966,0.0,230.0974000027054,0.0,281.54380000341916,0.0,232.9163000031258,0.0,kaze,kaze,kaze,bf_ratio,0.8
hpatches,i_ajuntament,illumination,i_ajuntament_1_to_5,1,5,D:\桌面\IACV\Assigment1\data\hpatches\i_ajuntament\1.ppm,D:\桌面\IACV\Assigment1\data\hpatches\i_ajuntament\5.ppm,13,490,67,0.13673469387755102,3.0,84.43471256061213,490,13,7,6,67,0.026530612244897958,0.5384615384615384,0.014285714285714285,0.1044776119402985,0.13673469387755102,3.0,1.0245851803349175,1.0469081667905624,True,7,0.5384615384615384,0.4919492712571151,0.9492999961366877,0.0,490,490,125440,64,float32,256,259,259,66304,257.24320000153966,0.0,230.0974000027054,0.0,254.3934999994235,0.0,187.19499999861,0.0,kaze,kaze,kaze,bf_ratio,0.8
hpatches,i_ajuntament,illumination,i_ajuntament_1_to_6,1,6,D:\桌面\IACV\Assigment1\data\hpatches\i_ajuntament\1.ppm,D:\桌面\IACV\Assigment1\data\hpatches\i_ajuntament\6.ppm,13,490,69,0.14081632653061224,3.0,179.249456858018,490,13,5,8,69,0.026530612244897958,0.38461538461538464,0.01020408163265306,0.07246376811594203,0.14081632653061224,3.0,0.7951830232694842,0.5070510813724418,True,5,0.38461538461538464,0.5614517030090174,1.076599997759331,0.0,490,490,125440,64,float32,256,252,252,64512,257.24320000153966,0.0,230.0974000027054,0.0,237.65730000013718,0.0,189.1814999980852,0.0,kaze,kaze,kaze,bf_ratio,0.8
hpatches,v_adam,viewpoint,v_adam_1_to_2,1,2,D:\桌面\IACV\Assigment1\data\hpatches\v_adam\1.ppm,D:\桌面\IACV\Assigment1\data\hpatches\v_adam\2.ppm,98,213,131,0.6150234741784038,3.0,3.8733159309724625,213,98,87,11,131,0.460093896713615,0.8877551020408163,0.4084507042253521,0.6641221374045801,0.6150234741784038,3.0,1.0048562670002088,0.809155183740765,True,79,0.8061224489795918,0.6910050892389186,0.5445999995572492,0.0,213,213,54528,64,float32,256,215,215,55040,221.07140000298386,0.0,179.47049999929732,0.0,221.98200000275392,0.0,173.45509999722708,0.0,kaze,kaze,kaze,bf_ratio,0.8
hpatches,v_adam,viewpoint,v_adam_1_to_3,1,3,D:\桌面\IACV\Assigment1\data\hpatches\v_adam\1.ppm,D:\桌面\IACV\Assigment1\data\hpatches\v_adam\3.ppm,74,213,107,0.5023474178403756,3.0,1.4597120598177482,213,74,67,7,107,0.3474178403755869,0.9054054054054054,0.3145539906103286,0.6261682242990654,0.5023474178403756,3.0,1.174458321069855,1.0435182113714365,True,65,0.8783783783783784,1.1673642858954008,0.5537999968510121,0.0,213,213,54528,64,float32,256,189,189,48384,221.07140000298386,0.0,179.47049999929732,0.0,210.24300000135554,0.0,164.69099999812897,0.0,kaze,kaze,kaze,bf_ratio,0.8
hpatches,v_adam,viewpoint,v_adam_1_to_4,1,4,D:\桌面\IACV\Assigment1\data\hpatches\v_adam\1.ppm,D:\桌面\IACV\Assigment1\data\hpatches\v_adam\4.ppm,24,213,77,0.3615023474178404,3.0,4.689908796276853,213,24,21,3,77,0.11267605633802817,0.875,0.09859154929577464,0.2727272727272727,0.3615023474178404,3.0,1.4736614910962071,1.3927962068489625,True,18,0.75,0.7762157954784387,0.4174999994575046,0.0,213,213,54528,64,float32,256,200,200,51200,221.07140000298386,0.0,179.47049999929732,0.0,207.54079999460373,0.0,166.28480000508716,0.0,kaze,kaze,kaze,bf_ratio,0.8
hpatches,v_adam,viewpoint,v_adam_1_to_5,1,5,D:\桌面\IACV\Assigment1\data\hpatches\v_adam\1.ppm,D:\桌面\IACV\Assigment1\data\hpatches\v_adam\5.ppm,63,213,101,0.47417840375586856,3.0,3.9458816319634704,213,63,54,9,101,0.29577464788732394,0.8571428571428571,0.2535211267605634,0.5346534653465347,0.47417840375586856,3.0,1.4171398315023584,1.290024893594148,True,53,0.8412698412698413,1.126591097398478,0.41700000292621553,0.0,213,213,54528,64,float32,256,201,201,51456,221.07140000298386,0.0,179.47049999929732,0.0,206.32919999479782,0.0,168.2174000015948,0.0,kaze,kaze,kaze,bf_ratio,0.8
hpatches,v_adam,viewpoint,v_adam_1_to_6,1,6,D:\桌面\IACV\Assigment1\data\hpatches\v_adam\1.ppm,D:\桌面\IACV\Assigment1\data\hpatches\v_adam\6.ppm,42,213,86,0.40375586854460094,3.0,2.954911470140547,213,42,38,4,86,0.19718309859154928,0.9047619047619048,0.1784037558685446,0.4418604651162791,0.40375586854460094,3.0,1.4410273821442172,1.2586257096598903,True,35,0.8333333333333334,1.234282804611058,0.490699996589683,0.0,213,213,54528,64,float32,256,178,178,45568,221.07140000298386,0.0,179.47049999929732,0.0,214.08250000240514,0.0,171.7449999996461,0.0,kaze,kaze,kaze,bf_ratio,0.8
hpatches,i_ajuntament,illumination,i_ajuntament_1_to_2,1,2,D:\桌面\IACV\Assigment1\data\hpatches\i_ajuntament\1.ppm,D:\桌面\IACV\Assigment1\data\hpatches\i_ajuntament\2.ppm,801,2479,1377,0.5554659136748689,3.0,0.34376211134618856,1986,801,698,103,1129,0.4033232628398791,0.8714107365792759,0.351460221550856,0.6182462356067316,0.5684793554884189,3.0,0.8806577008190069,1.0,True,695,0.867665418227216,0.9117125091431799,20.8173999999417,0.0,2479,1986,63552,32,uint8,32,2172,1812,57984,1.233199996931944,0.0,5.445499999041203,0.0,0.9553999989293516,0.0,3.8703999962308444,0.0,fast_brief,fast,brief,bf_ratio,0.8
hpatches,i_ajuntament,illumination,i_ajuntament_1_to_3,1,3,D:\桌面\IACV\Assigment1\data\hpatches\i_ajuntament\1.ppm,D:\桌面\IACV\Assigment1\data\hpatches\i_ajuntament\3.ppm,143,2479,829,0.3344090359015732,3.0,1.5881985168407349,1986,143,64,79,686,0.07200402819738168,0.44755244755244755,0.032225579053373615,0.09329446064139942,0.34541792547834843,3.0,1.2884068503959587,1.0,True,62,0.43356643356643354,1.2432750244090356,15.923799997835886,0.0,2479,1986,63552,32,uint8,32,1881,1473,47136,1.233199996931944,0.0,5.445499999041203,0.0,1.1140999995404854,0.0,3.071099999942817,0.0,fast_brief,fast,brief,bf_ratio,0.8
hpatches,i_ajuntament,illumination,i_ajuntament_1_to_4,1,4,D:\桌面\IACV\Assigment1\data\hpatches\i_ajuntament\1.ppm,D:\桌面\IACV\Assigment1\data\hpatches\i_ajuntament\4.ppm,86,2479,1038,0.41871722468737393,3.0,4.458174295245122,1986,86,22,64,874,0.0433031218529708,0.2558139534883721,0.011077542799597181,0.02517162471395881,0.44008056394763345,3.0,1.7201712203004917,2.0,True,23,0.26744186046511625,1.4403022391019484,48.92230000405107,0.0,2479,1986,63552,32,uint8,32,5437,4608,147456,1.233199996931944,0.0,5.445499999041203,0.0,1.1461999965831637,0.0,9.027099993545562,0.0,fast_brief,fast,brief,bf_ratio,0.8
hpatches,i_ajuntament,illumination,i_ajuntament_1_to_5,1,5,D:\桌面\IACV\Assigment1\data\hpatches\i_ajuntament\1.ppm,D:\桌面\IACV\Assigment1\data\hpatches\i_ajuntament\5.ppm,117,2479,1012,0.4082291246470351,3.0,3.8910603399480244,1986,117,34,83,868,0.05891238670694864,0.2905982905982906,0.017119838872104734,0.03917050691244239,0.43705941591137965,3.0,1.1355205549738538,1.0,True,36,0.3076923076923077,1.1941622127877638,46.046499999647494,0.0,2479,1986,63552,32,uint8,32,5062,4292,137344,1.233199996931944,0.0,5.445499999041203,0.0,0.9202000001096167,0.0,8.62599999527447,0.0,fast_brief,fast,brief,bf_ratio,0.8
hpatches,i_ajuntament,illumination,i_ajuntament_1_to_6,1,6,D:\桌面\IACV\Assigment1\data\hpatches\i_ajuntament\1.ppm,D:\桌面\IACV\Assigment1\data\hpatches\i_ajuntament\6.ppm,97,2479,1016,0.40984267849939493,3.0,5.808856207065464,1986,97,31,66,857,0.048841893252769386,0.31958762886597936,0.015609264853977844,0.03617269544924154,0.43152064451158106,3.0,1.3286100837780142,1.0,True,29,0.29896907216494845,1.4504208085047885,45.15759999776492,0.0,2479,1986,63552,32,uint8,32,4963,4226,135232,1.233199996931944,0.0,5.445499999041203,0.0,1.6589000006206334,0.0,7.710199999564793,0.0,fast_brief,fast,brief,bf_ratio,0.8
hpatches,v_adam,viewpoint,v_adam_1_to_2,1,2,D:\桌面\IACV\Assigment1\data\hpatches\v_adam\1.ppm,D:\桌面\IACV\Assigment1\data\hpatches\v_adam\2.ppm,620,3806,1501,0.3943772990015765,3.0,1.9356039902775384,3257,620,538,82,1253,0.19035922628185448,0.867741935483871,0.16518268345102854,0.42936951316839583,0.38470985569542526,3.0,1.107571407183845,0.9988374175889749,True,543,0.8758064516129033,0.963677028084418,28.328500004136004,0.0,3806,3257,104224,32,uint8,32,1722,1683,53856,0.7949999999254942,0.0,6.22020000446355,0.0,0.5006999999750406,0.0,3.3488000044599175,0.0,fast_brief,fast,brief,bf_ratio,0.8
hpatches,v_adam,viewpoint,v_adam_1_to_3,1,3,D:\桌面\IACV\Assigment1\data\hpatches\v_adam\1.ppm,D:\桌面\IACV\Assigment1\data\hpatches\v_adam\3.ppm,486,3806,1335,0.3507619548081976,3.0,2.352155641790562,3257,486,401,85,1106,0.14921707092416334,0.8251028806584362,0.12311943506294136,0.36256781193490056,0.3395762972060178,3.0,1.2804232820629577,1.1115574795555108,True,396,0.8148148148148148,1.1672191103411507,27.326399998855777,0.0,3806,3257,104224,32,uint8,32,1469,1461,46752,0.7949999999254942,0.0,6.22020000446355,0.0,0.5580999932135455,0.0,4.560300003504381,0.0,fast_brief,fast,brief,bf_ratio,0.8
hpatches,v_adam,viewpoint,v_adam_1_to_4,1,4,D:\桌面\IACV\Assigment1\data\hpatches\v_adam\1.ppm,D:\桌面\IACV\Assigment1\data\hpatches\v_adam\4.ppm,120,3806,829,0.21781397792958487,3.0,6.387130169012492,3257,120,24,96,681,0.0368437212158428,0.2,0.00736874424316856,0.03524229074889868,0.2090881178999079,3.0,1.4631038436089367,1.5828961517817914,True,25,0.20833333333333334,1.2711697392700734,18.54509999975562,0.0,3806,3257,104224,32,uint8,32,981,940,30080,0.7949999999254942,0.0,6.22020000446355,0.0,0.5238000012468547,0.0,2.1355999997467734,0.0,fast_brief,fast,brief,bf_ratio,0.8
hpatches,v_adam,viewpoint,v_adam_1_to_5,1,5,D:\桌面\IACV\Assigment1\data\hpatches\v_adam\1.ppm,D:\桌面\IACV\Assigment1\data\hpatches\v_adam\5.ppm,275,3806,1132,0.2974251182343668,3.0,5.310301069850361,3257,275,203,72,937,0.08443352778630642,0.7381818181818182,0.062327295056800736,0.21664887940234792,0.2876880564937059,3.0,1.377541813742564,1.3197517526589355,True,198,0.72,1.0707387010865514,20.806000000447966,0.0,3806,3257,104224,32,uint8,32,1272,1239,39648,0.7949999999254942,0.0,6.22020000446355,0.0,0.6795000008423813,0.0,2.6932000037049875,0.0,fast_brief,fast,brief,bf_ratio,0.8
hpatches,v_adam,viewpoint,v_adam_1_to_6,1,6,D:\桌面\IACV\Assigment1\data\hpatches\v_adam\1.ppm,D:\桌面\IACV\Assigment1\data\hpatches\v_adam\6.ppm,350,3806,1164,0.30583289542827113,3.0,5.826921458520925,3257,350,266,84,949,0.10746085354620817,0.76,0.08167024869511821,0.2802950474183351,0.29137242861529017,3.0,1.3517543121699684,1.2634914899882324,True,273,0.78,1.30111336433772,23.549400000774767,0.0,3806,3257,104224,32,uint8,32,1359,1281,40992,0.7949999999254942,0.0,6.22020000446355,0.0,0.5959999980404973,0.0,2.6448999997228384,0.0,fast_brief,fast,brief,bf_ratio,0.8
hpatches,i_ajuntament,illumination,i_ajuntament_1_to_2,1,2,D:\桌面\IACV\Assigment1\data\hpatches\i_ajuntament\1.ppm,D:\桌面\IACV\Assigment1\data\hpatches\i_ajuntament\2.ppm,514,2479,1377,0.5554659136748689,3.0,0.4250221642232933,2223,514,396,118,1237,0.23121907332433647,0.7704280155642024,0.17813765182186234,0.32012934518997577,0.556455240665767,3.0,0.5939592750459175,1.0,True,395,0.7684824902723736,0.654715806668288,25.79200000036508,0.0,2479,2223,142272,64,uint8,64,2172,1973,126272,0.9660000068834051,0.0,19.502000002830755,0.0,0.8522999996785074,0.0,19.528800003172364,0.0,fast_brisk,fast,brisk,bf_ratio,0.8
hpatches,i_ajuntament,illumination,i_ajuntament_1_to_3,1,3,D:\桌面\IACV\Assigment1\data\hpatches\i_ajuntament\1.ppm,D:\桌面\IACV\Assigment1\data\hpatches\i_ajuntament\3.ppm,113,2479,829,0.3344090359015732,3.0,1.12692583991932,2223,113,30,83,752,0.05083220872694557,0.26548672566371684,0.01349527665317139,0.0398936170212766,0.33828160143949615,3.0,0.874535599249993,1.0,True,32,0.2831858407079646,0.7498224899637281,22.291500004939735,0.0,2479,2223,142272,64,uint8,64,1881,1698,108672,0.9660000068834051,0.0,19.502000002830755,0.0,0.8996000033221208,0.0,14.16600000084145,0.0,fast_brisk,fast,brisk,bf_ratio,0.8
hpatches,i_ajuntament,illumination,i_ajuntament_1_to_4,1,4,D:\桌面\IACV\Assigment1\data\hpatches\i_ajuntament\1.ppm,D:\桌面\IACV\Assigment1\data\hpatches\i_ajuntament\4.ppm,64,2479,1038,0.41871722468737393,3.0,40.46186555195793,2223,64,12,52,961,0.028789923526765633,0.1875,0.005398110661268556,0.012486992715920915,0.4322986954565902,3.0,1.0744101855826809,1.2071067811865475,True,12,0.1875,1.0039237203374938,62.52519999543438,0.0,2479,2223,142272,64,uint8,64,5437,5101,326464,0.9660000068834051,0.0,19.502000002830755,0.0,1.186299996334128,0.0,44.37290000350913,0.0,fast_brisk,fast,brisk,bf_ratio,0.8
hpatches,i_ajuntament,illumination,i_ajuntament_1_to_5,1,5,D:\桌面\IACV\Assigment1\data\hpatches\i_ajuntament\1.ppm,D:\桌面\IACV\Assigment1\data\hpatches\i_ajuntament\5.ppm,68,2479,1012,0.4082291246470351,3.0,3.732491386291808,2223,68,14,54,938,0.030589293747188485,0.20588235294117646,0.006297795771479982,0.014925373134328358,0.4219523166891588,3.0,0.9331782215889987,1.0,True,14,0.20588235294117646,0.8332559081331222,60.09700000140583,0.0,2479,2223,142272,64,uint8,64,5062,4745,303680,0.9660000068834051,0.0,19.502000002830755,0.0,1.0047999967355281,0.0,46.51430000376422,0.0,fast_brisk,fast,brisk,bf_ratio,0.8
hpatches,i_ajuntament,illumination,i_ajuntament_1_to_6,1,6,D:\桌面\IACV\Assigment1\data\hpatches\i_ajuntament\1.ppm,D:\桌面\IACV\Assigment1\data\hpatches\i_ajuntament\6.ppm,71,2479,1016,0.40984267849939493,3.0,872.1597162465101,2223,71,9,62,936,0.031938821412505626,0.1267605633802817,0.004048582995951417,0.009615384615384616,0.42105263157894735,3.0,0.8238015069303439,1.0,True,7,0.09859154929577464,0.6421426827962877,55.86520000360906,0.0,2479,2223,142272,64,uint8,64,4963,4628,296192,0.9660000068834051,0.0,19.502000002830755,0.0,1.0744000028353184,0.0,42.21530000359053,0.0,fast_brisk,fast,brisk,bf_ratio,0.8
hpatches,v_adam,viewpoint,v_adam_1_to_2,1,2,D:\桌面\IACV\Assigment1\data\hpatches\v_adam\1.ppm,D:\桌面\IACV\Assigment1\data\hpatches\v_adam\2.ppm,527,3806,1501,0.3943772990015765,3.0,3.3099769456017776,3730,527,486,41,1476,0.14128686327077747,0.9222011385199241,0.13029490616621983,0.32926829268292684,0.39571045576407504,3.0,0.9511828724382909,0.9016543275021496,True,484,0.9184060721062619,0.6766754191394103,34.85089999594493,0.0,3806,3730,238720,64,uint8,64,1722,1716,109824,0.8888000011211261,0.0,32.23309999884805,0.0,0.4760000010719523,0.0,13.139599999703933,0.0,fast_brisk,fast,brisk,bf_ratio,0.8
hpatches,v_adam,viewpoint,v_adam_1_to_3,1,3,D:\桌面\IACV\Assigment1\data\hpatches\v_adam\1.ppm,D:\桌面\IACV\Assigment1\data\hpatches\v_adam\3.ppm,408,3806,1335,0.3507619548081976,3.0,5.759619102245533,3730,408,368,40,1308,0.10938337801608579,0.9019607843137255,0.09865951742627346,0.28134556574923547,0.35067024128686325,3.0,1.0454513167061406,0.9510299930516117,True,363,0.8897058823529411,0.8817364031390192,30.73690000019269,0.0,3806,3730,238720,64,uint8,64,1469,1466,93824,0.8888000011211261,0.0,32.23309999884805,0.0,0.4045999958179891,0.0,11.945999998715706,0.0,fast_brisk,fast,brisk,bf_ratio,0.8
hpatches,v_adam,viewpoint,v_adam_1_to_4,1,4,D:\桌面\IACV\Assigment1\data\hpatches\v_adam\1.ppm,D:\桌面\IACV\Assigment1\data\hpatches\v_adam\4.ppm,92,3806,829,0.21781397792958487,3.0,5.43367988921273,3730,92,32,60,818,0.024664879356568366,0.34782608695652173,0.008579088471849867,0.039119804400977995,0.2193029490616622,3.0,1.3380227425216316,1.4378006346670258,True,33,0.358695652173913,0.7510133719593296,22.117100001196377,0.0,3806,3730,238720,64,uint8,64,981,969,62016,0.8888000011211261,0.0,32.23309999884805,0.0,0.5865999992238358,0.0,7.486100003006868,0.0,fast_brisk,fast,brisk,bf_ratio,0.8
hpatches,v_adam,viewpoint,v_adam_1_to_5,1,5,D:\桌面\IACV\Assigment1\data\hpatches\v_adam\1.ppm,D:\桌面\IACV\Assigment1\data\hpatches\v_adam\5.ppm,244,3806,1132,0.2974251182343668,3.0,6.784791643524403,3730,244,207,37,1119,0.06541554959785523,0.8483606557377049,0.05549597855227882,0.18498659517426275,0.3,3.0,1.2176326690679924,1.1925784486744608,True,207,0.8483606557377049,0.8943541976595993,26.09630000370089,0.0,3806,3730,238720,64,uint8,64,1272,1267,81088,0.8888000011211261,0.0,32.23309999884805,0.0,0.4222999996272847,0.0,9.4840000019758,0.0,fast_brisk,fast,brisk,bf_ratio,0.8
hpatches,v_adam,viewpoint,v_adam_1_to_6,1,6,D:\桌面\IACV\Assigment1\data\hpatches\v_adam\1.ppm,D:\桌面\IACV\Assigment1\data\hpatches\v_adam\6.ppm,306,3806,1164,0.30583289542827113,3.0,4.5050692934815855,3730,306,250,56,1147,0.08203753351206435,0.8169934640522876,0.06702412868632708,0.21795989537925023,0.30750670241286865,3.0,1.232879318772454,1.0115427081413741,True,236,0.7712418300653595,0.9910195155153507,29.613300001074094,0.0,3806,3730,238720,64,uint8,64,1359,1323,84672,0.8888000011211261,0.0,32.23309999884805,0.0,0.42490000487305224,0.0,10.767200001282617,0.0,fast_brisk,fast,brisk,bf_ratio,0.8
hpatches,i_ajuntament,illumination,i_ajuntament_1_to_2,1,2,D:\桌面\IACV\Assigment1\data\hpatches\i_ajuntament\1.ppm,D:\桌面\IACV\Assigment1\data\hpatches\i_ajuntament\2.ppm,540,2479,1377,0.5554659136748689,3.0,0.27033637615965667,2046,540,398,142,1158,0.26392961876832843,0.737037037037037,0.19452590420332355,0.3436960276338515,0.5659824046920822,3.0,0.6551369446618815,1.0,True,398,0.737037037037037,0.7064705735149711,21.27209999889601,0.0,2479,2046,130944,64,uint8,64,2172,1859,118976,0.9548999951221049,0.0,38.003900001058355,0.0,1.086099997337442,0.0,33.29030000168132,0.0,fast_freak,fast,freak,bf_ratio,0.8
hpatches,i_ajuntament,illumination,i_ajuntament_1_to_3,1,3,D:\桌面\IACV\Assigment1\data\hpatches\i_ajuntament\1.ppm,D:\桌面\IACV\Assigment1\data\hpatches\i_ajuntament\3.ppm,135,2479,829,0.3344090359015732,3.0,2.4447192422110744,2046,135,34,101,702,0.06598240469208211,0.2518518518518518,0.016617790811339198,0.04843304843304843,0.34310850439882695,3.0,1.1632287198966045,1.0,True,35,0.25925925925925924,1.0963422450456808,19.362699997145683,0.0,2479,2046,130944,64,uint8,64,1881,1543,98752,0.9548999951221049,0.0,38.003900001058355,0.0,0.9084999983315356,0.0,35.787799999525305,0.0,fast_freak,fast,freak,bf_ratio,0.8
hpatches,i_ajuntament,illumination,i_ajuntament_1_to_4,1,4,D:\桌面\IACV\Assigment1\data\hpatches\i_ajuntament\1.ppm,D:\桌面\IACV\Assigment1\data\hpatches\i_ajuntament\4.ppm,85,2479,1038,0.41871722468737393,3.0,23.800147341033057,2046,85,8,77,898,0.041544477028347994,0.09411764705882353,0.0039100684261974585,0.008908685968819599,0.4389051808406647,3.0,0.9785533905932737,1.0,True,8,0.09411764705882353,0.7916723522554311,54.94909999833908,0.0,2479,2046,130944,64,uint8,64,5437,4762,304768,0.9548999951221049,0.0,38.003900001058355,0.0,1.1522999993758276,0.0,52.78499999985797,0.0,fast_freak,fast,freak,bf_ratio,0.8
hpatches,i_ajuntament,illumination,i_ajuntament_1_to_5,1,5,D:\桌面\IACV\Assigment1\data\hpatches\i_ajuntament\1.ppm,D:\桌面\IACV\Assigment1\data\hpatches\i_ajuntament\5.ppm,108,2479,1012,0.4082291246470351,3.0,9.38533094390592,2046,108,18,90,888,0.05278592375366569,0.16666666666666666,0.008797653958944282,0.02027027027027027,0.4340175953079179,3.0,1.5103840331732468,1.2071067811865475,True,16,0.14814814814814814,0.8019135900913807,50.79750000004424,0.0,2479,2046,130944,64,uint8,64,5062,4425,283200,0.9548999951221049,0.0,38.003900001058355,0.0,1.1690000028465874,0.0,55.66189999808557,0.0,fast_freak,fast,freak,bf_ratio,0.8
hpatches,i_ajuntament,illumination,i_ajuntament_1_to_6,1,6,D:\桌面\IACV\Assigment1\data\hpatches\i_ajuntament\1.ppm,D:\桌面\IACV\Assigment1\data\hpatches\i_ajuntament\6.ppm,77,2479,1016,0.40984267849939493,3.0,37.96490704227794,2046,77,14,63,883,0.03763440860215054,0.18181818181818182,0.006842619745845552,0.015855039637599093,0.4315738025415445,3.0,1.0591733660532994,1.0,True,13,0.16883116883116883,0.9468219865361239,52.70880000171019,0.0,2479,2046,130944,64,uint8,64,4963,4363,279232,0.9548999951221049,0.0,38.003900001058355,0.0,1.3988000064273365,0.0,53.137200004130136,0.0,fast_freak,fast,freak,bf_ratio,0.8
hpatches,v_adam,viewpoint,v_adam_1_to_2,1,2,D:\桌面\IACV\Assigment1\data\hpatches\v_adam\1.ppm,D:\桌面\IACV\Assigment1\data\hpatches\v_adam\2.ppm,549,3806,1501,0.3943772990015765,3.0,3.4927041221043194,3382,549,470,79,1315,0.16232998225901835,0.8561020036429873,0.13897102306327616,0.3574144486692015,0.38882318154937906,3.0,0.9762906875058511,0.9171160246721888,True,470,0.8561020036429873,0.7125672935248107,35.829100001137704,0.0,3806,3382,216448,64,uint8,64,1722,1690,108160,1.152400000137277,0.0,48.68390000046929,0.0,0.5938999966019765,0.0,36.62540000368608,0.0,fast_freak,fast,freak,bf_ratio,0.8
hpatches,v_adam,viewpoint,v_adam_1_to_3,1,3,D:\桌面\IACV\Assigment1\data\hpatches\v_adam\1.ppm,D:\桌面\IACV\Assigment1\data\hpatches\v_adam\3.ppm,429,3806,1335,0.3507619548081976,3.0,5.758912224387218,3382,429,335,94,1145,0.12684801892371378,0.7808857808857809,0.09905381431105854,0.2925764192139738,0.33855706682436426,3.0,1.0432172914721987,0.9583686612242182,True,329,0.7668997668997669,0.793256983551468,30.19969999877503,0.0,3806,3382,216448,64,uint8,64,1469,1461,93504,1.152400000137277,0.0,48.68390000046929,0.0,0.6507000070996583,0.0,36.896199999318924,0.0,fast_freak,fast,freak,bf_ratio,0.8
hpatches,v_adam,viewpoint,v_adam_1_to_4,1,4,D:\桌面\IACV\Assigment1\data\hpatches\v_adam\1.ppm,D:\桌面\IACV\Assigment1\data\hpatches\v_adam\4.ppm,152,3806,829,0.21781397792958487,3.0,5.709004436751265,3382,152,34,118,719,0.0449438202247191,0.2236842105263158,0.010053222945002957,0.04728789986091794,0.21259609698403312,3.0,1.2924441439324006,1.1842974154089516,True,36,0.23684210526315788,0.9939222410215811,20.480200000747573,0.0,3806,3382,216448,64,uint8,64,981,952,60928,1.152400000137277,0.0,48.68390000046929,0.0,0.5410000012489036,0.0,35.8051000002888,0.0,fast_freak,fast,freak,bf_ratio,0.8
hpatches,v_adam,viewpoint,v_adam_1_to_5,1,5,D:\桌面\IACV\Assigment1\data\hpatches\v_adam\1.ppm,D:\桌面\IACV\Assigment1\data\hpatches\v_adam\5.ppm,294,3806,1132,0.2974251182343668,3.0,4.801069905724805,3382,294,195,99,992,0.08693081017149616,0.6632653061224489,0.0576581904198699,0.19657258064516128,0.29331756357185096,3.0,1.2452684576389752,1.1939896473536675,True,197,0.6700680272108843,0.8589293655160773,26.461699999345,0.0,3806,3382,216448,64,uint8,64,1272,1249,79936,1.152400000137277,0.0,48.68390000046929,0.0,0.592199998209253,0.0,33.129199997347314,0.0,fast_freak,fast,freak,bf_ratio,0.8
hpatches,v_adam,viewpoint,v_adam_1_to_6,1,6,D:\桌面\IACV\Assigment1\data\hpatches\v_adam\1.ppm,D:\桌面\IACV\Assigment1\data\hpatches\v_adam\6.ppm,327,3806,1164,0.30583289542827113,3.0,5.354285082962338,3382,327,231,96,993,0.09668835008870491,0.7064220183486238,0.06830277942046127,0.2326283987915408,0.29361324659964516,3.0,1.2506871004012263,1.055141908198418,True,235,0.7186544342507645,0.9364869083810119,27.989200003503356,0.0,3806,3382,216448,64,uint8,64,1359,1294,82816,1.152400000137277,0.0,48.68390000046929,0.0,0.7192000048235059,0.0,39.60199999710312,0.0,fast_freak,fast,freak,bf_ratio,0.8
