strategy,dataset,pair,category,description_ms_image1,description_ms_image2,description_std_ms_image1,description_std_ms_image2,matching_ms,matching_std_ms,n_features,n_putative,n_correct,n_incorrect,n_correspondences,pmr,precision,matching_score,recall,repeatability,correctness_threshold_px,mean_correct_gt_error_px,median_correct_gt_error_px
uniform,graf,graf_1_to_2,viewpoint,30.316619999939576,32.57039999734843,1.3699904619441374,2.1939115284945596,25.69925999850966,0.5436151197078938,2632,84,33,51,1775,0.031914893617021274,0.39285714285714285,0.012537993920972644,0.018591549295774647,0.6743920972644377,3.0,1.2422342152739525,1.04448633916374
uniform,graf,graf_1_to_4,viewpoint,27.91657999914605,32.69536000152584,1.7123814680687477,1.3642292217888392,30.320919999212492,0.8311517486267329,2637,22,0,22,1492,0.008342813803564657,0.0,0.0,0.0,0.5657944634053849,3.0,,
uniform,hpatches,i_ajuntament_1_to_2,illumination,24.016499998106156,21.451999999408145,1.0852160172241847,0.6766294122402957,13.760740001453087,0.07937240248504221,2129,809,713,96,1186,0.3799906059182715,0.8813349814585909,0.3348990136214185,0.6011804384485666,0.5570690465007045,3.0,0.8153137128580791,1.0
uniform,hpatches,i_ajuntament_1_to_3,illumination,24.357200000667945,17.986460000975057,0.5211936546524197,0.4856150251848903,11.307400000805501,0.1668926970919217,2129,129,65,64,725,0.060591827148896195,0.5038759689922481,0.030530765617660875,0.0896551724137931,0.34053546265852513,3.0,1.2747554856688532,1.0
uniform,hpatches,i_ajuntament_1_to_4,illumination,23.563139999168925,54.129579999425914,0.7465440013873685,0.6284555804533739,35.27126000117278,1.4277426254772794,2129,82,19,63,929,0.03851573508689526,0.23170731707317074,0.008924377642085486,0.02045209903121636,0.4363550962893377,3.0,1.0594205370785241,1.0
uniform,hpatches,i_ajuntament_1_to_5,illumination,22.168419999070466,50.25576000189176,1.5961411950342899,1.7620483061523131,32.24857999884989,0.8883028145969374,2129,111,40,71,909,0.052137153593236264,0.36036036036036034,0.018788163457022077,0.04400440044004401,0.4269610145608267,3.0,1.296258488905758,1.2071067811865475
uniform,hpatches,i_ajuntament_1_to_6,illumination,24.205360002815723,47.716999998374376,0.650522698283773,3.31936018600869,31.051660000230186,1.5416588897697423,2129,82,27,55,908,0.03851573508689526,0.32926829268292684,0.012682010333489901,0.02973568281938326,0.42649131047440114,3.0,1.013764107096713,1.0
uniform,hpatches,v_adam_1_to_2,viewpoint,40.044720002333634,18.114059999061283,0.2622527223964398,0.6037870006418278,20.573259999218863,0.30445182430473006,3592,655,567,88,1417,0.18234966592427618,0.8656488549618321,0.15785077951002227,0.40014114326040934,0.39448775055679286,3.0,1.1053234826949703,1.000436542554689
uniform,hpatches,v_adam_1_to_3,viewpoint,39.89999999903375,15.808759999345057,1.0801001368519607,0.36465635181614486,17.91769999981625,0.20755969799691304,3592,456,387,69,1225,0.12694877505567928,0.8486842105263158,0.10773942093541203,0.3159183673469388,0.34103563474387527,3.0,1.1895016146382364,1.040630289822201
uniform,hpatches,v_adam_1_to_4,viewpoint,39.87856000167085,10.74607999617001,0.3223661870231288,0.07192561134784854,11.54435999924317,0.8772477502731787,3592,123,26,97,776,0.034242761692650336,0.21138211382113822,0.007238307349665924,0.03350515463917526,0.21603563474387527,3.0,1.5974953817465785,1.6428420567048878
uniform,hpatches,v_adam_1_to_5,viewpoint,40.90920000016922,13.423160000820644,1.2733259162900903,0.9057741357170885,15.28583999897819,0.16929616075356696,3592,263,179,84,1068,0.07321826280623608,0.6806083650190115,0.049832962138084635,0.16760299625468164,0.2973273942093541,3.0,1.3649193166693945,1.3008876736948793
uniform,hpatches,v_adam_1_to_6,viewpoint,40.045200001623016,14.62263999710558,0.16880667069635902,0.05150287921980919,15.35913999832701,0.2528749703582358,3592,327,251,76,1070,0.09103563474387528,0.7675840978593272,0.06987750556792872,0.23457943925233646,0.2978841870824053,3.0,1.375131452820083,1.2656755333650302
gaussian,graf,graf_1_to_2,viewpoint,30.477759998757392,30.44262000184972,0.20241222749908816,1.2888189219940722,25.158999998529907,0.4714360737417351,2632,144,72,72,1775,0.0547112462006079,0.5,0.02735562310030395,0.04056338028169014,0.6743920972644377,3.0,1.1308460671098384,0.979311135033115
gaussian,graf,graf_1_to_4,viewpoint,30.441560001054313,37.695560000429396,0.2241170735183718,0.3007881436239387,28.749680001055822,0.6125462762969904,2637,51,2,49,1492,0.019340159271899887,0.0392156862745098,0.0007584376185058779,0.0013404825737265416,0.5657944634053849,3.0,1.2779936568834411,1.2779936568834411
gaussian,hpatches,i_ajuntament_1_to_2,illumination,21.91096000315156,22.241219998977613,1.6319289216631745,1.4033799132416807,13.324799999827519,0.17684764990290422,2129,742,631,111,1186,0.3485204321277595,0.8504043126684636,0.29638327853452323,0.5320404721753794,0.5570690465007045,3.0,0.7489170340290694,1.0
gaussian,hpatches,i_ajuntament_1_to_3,illumination,23.040620000392664,16.843560001871083,1.52347486445123,1.5006703601537106,11.039859999436885,0.23751404082334124,2129,169,72,97,725,0.07937999060591827,0.4260355029585799,0.033818694222639736,0.0993103448275862,0.34053546265852513,3.0,1.1778855122981733,1.0
gaussian,hpatches,i_ajuntament_1_to_4,illumination,23.55043999996269,53.61617999878945,0.2121402243208873,1.6132022975432725,33.688260000781156,0.6461140233857983,2129,108,33,75,929,0.050728041333959605,0.3055555555555556,0.015500234852043212,0.03552206673842842,0.4363550962893377,3.0,1.2627937567077885,1.4142135623730951
gaussian,hpatches,i_ajuntament_1_to_5,illumination,23.30692000250565,50.56806000211509,1.1135907504461735,0.4619361018692463,30.980540001473855,0.36189098157362576,2129,123,47,76,909,0.05777360263034288,0.3821138211382114,0.02207609206200094,0.0517051705170517,0.4269610145608267,3.0,1.1856073117949786,1.0
gaussian,hpatches,i_ajuntament_1_to_6,illumination,20.319739999831654,47.58721999969566,1.036900837026233,2.8927264445464265,30.714740000257734,0.9999262887395505,2129,106,31,75,908,0.0497886331611085,0.29245283018867924,0.01456082667919211,0.034140969162995596,0.42649131047440114,3.0,1.1541700562698338,1.0
gaussian,hpatches,v_adam_1_to_2,viewpoint,36.01716000121087,18.36151999887079,2.4640502383764007,0.049087611185243504,19.725340000877623,0.4325841018408854,3592,709,626,83,1417,0.19738307349665923,0.8829337094499294,0.17427616926503342,0.4417784050811574,0.39448775055679286,3.0,1.0368450176774204,0.9569152951406408
gaussian,hpatches,v_adam_1_to_3,viewpoint,39.59659999673022,15.132380000432022,0.4152563636681316,0.7676403935807019,17.07784000027459,0.21081396061454075,3592,576,499,77,1225,0.1603563474387528,0.8663194444444444,0.13891982182628063,0.4073469387755102,0.34103563474387527,3.0,1.1181389164072773,1.0187054943632239
gaussian,hpatches,v_adam_1_to_4,viewpoint,33.1002000006265,10.556559998076409,1.171081026821747,0.16700665235093684,11.405680001189467,0.30068909930708543,3592,178,55,123,776,0.04955456570155902,0.3089887640449438,0.015311804008908686,0.07087628865979381,0.21603563474387527,3.0,1.3094297840724578,1.200927073698617
gaussian,hpatches,v_adam_1_to_5,viewpoint,39.14895999914734,13.614540001435671,0.7683876067832645,0.054346247362453914,14.682020001055207,0.10391722437284799,3592,342,238,104,1068,0.09521158129175947,0.695906432748538,0.06625835189309577,0.22284644194756553,0.2973273942093541,3.0,1.3273417229032316,1.3183767391780803
gaussian,hpatches,v_adam_1_to_6,viewpoint,36.01424000080442,14.222579999477603,1.6313448146641847,0.09901319938232069,14.77898000011919,0.31248661532746985,3592,409,320,89,1070,0.1138641425389755,0.78239608801956,0.08908685968819599,0.29906542056074764,0.2978841870824053,3.0,1.2749514810461275,1.1659636379457101
