method,threshold,nonmax,dataset,pair,category,keypoints1,keypoints2,n_features,n_correspondences,repeatability,detection_ms_image1,detection_ms_image2,detection_std_ms_image1,detection_std_ms_image2
sift,,,graf,graf_1_to_2,viewpoint,1061,1243,994,520,0.5231388329979879,14.837219998298679,15.537639998365194,0.2877862359750126,0.5276943648829489
sift,,,graf,graf_1_to_4,viewpoint,1061,1330,995,341,0.342713567839196,15.296919998945668,15.770440000051167,0.3029279891606181,0.22327350524897233
sift,,,hpatches,i_ajuntament_1_to_2,illumination,840,780,840,429,0.5107142857142857,37.71475999819813,32.16522000147961,8.482316630730416,1.1680322284424596
sift,,,hpatches,i_ajuntament_1_to_3,illumination,840,417,840,111,0.13214285714285715,31.13209999864921,31.73227999941446,0.9559879638971842,1.3430737187826716
sift,,,hpatches,i_ajuntament_1_to_4,illumination,840,302,840,58,0.06904761904761905,32.68723999935901,30.646140001772437,1.0615146846061134,1.0776342179967673
sift,,,hpatches,i_ajuntament_1_to_5,illumination,840,236,840,61,0.07261904761904762,35.682340001221746,30.621479998808354,1.6265289274103278,0.5480329960255824
sift,,,hpatches,i_ajuntament_1_to_6,illumination,840,290,840,59,0.07023809523809524,31.467060002614744,31.253080000169575,1.4738699362439935,1.4867869929975484
sift,,,hpatches,v_adam_1_to_2,viewpoint,642,432,642,300,0.4672897196261682,29.036020001512952,29.065140000602696,1.0715246847518967,0.8216275978300654
sift,,,hpatches,v_adam_1_to_3,viewpoint,642,318,642,226,0.35202492211838005,30.523539999558125,27.910520001023542,1.030312929383275,0.871271432633508
sift,,,hpatches,v_adam_1_to_4,viewpoint,642,290,642,158,0.24610591900311526,28.696699999272823,26.31729999993695,1.154310632656393,1.0183302437702324
sift,,,hpatches,v_adam_1_to_5,viewpoint,642,318,642,224,0.34890965732087226,29.49850000004517,29.300859998329543,0.7218988287007934,0.8752676771528064
sift,,,hpatches,v_adam_1_to_6,viewpoint,642,291,642,195,0.3037383177570093,29.77301999926567,25.402499998745043,0.1872319538485139,1.0737898560816879
fast,10.0,True,graf,graf_1_to_2,viewpoint,3256,3410,3096,2102,0.6789405684754521,0.613020001037512,0.7076799985952675,0.02855888261925994,0.039715154798044584
fast,10.0,True,graf,graf_1_to_4,viewpoint,3256,4096,3117,1780,0.5710619185113892,0.744579998718109,0.8852200000546873,0.05278315635790373,0.02690549618722359
fast,10.0,True,hpatches,i_ajuntament_1_to_2,illumination,2479,2172,2479,1377,0.5554659136748689,0.717320000694599,0.6594199992832728,0.030465678600163127,0.031108609356402823
fast,10.0,True,hpatches,i_ajuntament_1_to_3,illumination,2479,1881,2479,829,0.3344090359015732,0.6782600015867501,0.5856399991898797,0.024289389133072586,0.020100311134287414
fast,10.0,True,hpatches,i_ajuntament_1_to_4,illumination,2479,5437,2479,1038,0.41871722468737393,0.6832800019765273,0.8303199996589683,0.022231996357256277,0.025162938897778084
fast,10.0,True,hpatches,i_ajuntament_1_to_5,illumination,2479,5062,2479,1012,0.4082291246470351,0.6568199998582713,0.8061200001975521,0.01841264919730173,0.0315644990239982
fast,10.0,True,hpatches,i_ajuntament_1_to_6,illumination,2479,4963,2479,1016,0.40984267849939493,0.6919999999809079,0.8416600001510233,0.03767189869708825,0.04956380384043085
fast,10.0,True,hpatches,v_adam_1_to_2,viewpoint,3806,1722,3806,1501,0.3943772990015765,0.6505199999082834,0.37391999940155074,0.04031269962904882,0.0041595181790011464
fast,10.0,True,hpatches,v_adam_1_to_3,viewpoint,3806,1469,3806,1335,0.3507619548081976,0.6109999987529591,0.3176600017468445,0.04429392805169539,0.0064136087582117585
fast,10.0,True,hpatches,v_adam_1_to_4,viewpoint,3806,981,3806,829,0.21781397792958487,0.6652199983363971,0.29507999715860933,0.04535237209677748,0.026840296894316388
fast,10.0,True,hpatches,v_adam_1_to_5,viewpoint,3806,1272,3806,1132,0.2974251182343668,0.6744600017555058,0.3151199998683296,0.027092626624960894,0.007434621341414157
fast,10.0,True,hpatches,v_adam_1_to_6,viewpoint,3806,1359,3806,1164,0.30583289542827113,0.664280001365114,0.33953999809455127,0.057185853457990696,0.0021058027703080486
fast,10.0,False,graf,graf_1_to_2,viewpoint,13833,15342,13131,10378,0.7903434620364024,0.6192000000737607,0.6883999987621792,0.07393524213009603,0.05924518504144376
fast,10.0,False,graf,graf_1_to_4,viewpoint,13833,16511,13218,8122,0.6144651233166893,0.5875599992577918,0.688800000352785,0.045998590241590434,0.056447675111774655
fast,10.0,False,hpatches,i_ajuntament_1_to_2,illumination,8484,7684,8484,6302,0.7428099952852428,0.5596999995759688,0.5204400004004128,0.02756483434991002,0.02530554062195067
fast,10.0,False,hpatches,i_ajuntament_1_to_3,illumination,8484,6290,8484,3196,0.3767090994813767,0.6422399979783222,0.4586799972457811,0.06863146677505841,0.010727423402797415
fast,10.0,False,hpatches,i_ajuntament_1_to_4,illumination,8484,9831,8484,2898,0.3415841584158416,0.49021999730030075,0.6090399983804673,0.03247715340559565,0.010305067985457998
fast,10.0,False,hpatches,i_ajuntament_1_to_5,illumination,8484,8846,8484,2695,0.31765676567656764,0.5843600010848604,0.7114199994248338,0.027162444852071338,0.021209751079790635
fast,10.0,False,hpatches,i_ajuntament_1_to_6,illumination,8484,9384,8484,2960,0.3488920320603489,0.5881400022190064,0.6922999993548729,0.027025811158504224,0.03101038373056663
fast,10.0,False,hpatches,v_adam_1_to_2,viewpoint,8286,4534,8286,4280,0.5165339126237026,0.49687999999150634,0.29503999976441264,0.02519582623120301,0.00638986716291523
fast,10.0,False,hpatches,v_adam_1_to_3,viewpoint,8286,3847,8286,3637,0.43893314023654356,0.5541600025026128,0.31457999866688624,0.03263057606248632,0.021532432850620526
fast,10.0,False,hpatches,v_adam_1_to_4,viewpoint,8286,3221,8286,2549,0.30762732319575187,0.5499799968674779,0.2509999991161749,0.0557520029057086,0.026715763660192928
fast,10.0,False,hpatches,v_adam_1_to_5,viewpoint,8286,3494,8286,3309,0.39934829833454016,0.5494800003361888,0.2745200021308847,0.029237605436241914,0.025689173258131585
fast,10.0,False,hpatches,v_adam_1_to_6,viewpoint,8286,3653,8286,3270,0.3946415640839971,0.5992799982777797,0.31032000260893255,0.049465843641440216,0.02450439930568789
fast,20.0,True,graf,graf_1_to_2,viewpoint,1869,2137,1755,1189,0.6774928774928775,0.48014000203693286,0.5159999986062758,0.028376511203230356,0.020069279084840023
fast,20.0,True,graf,graf_1_to_4,viewpoint,1869,2515,1773,1037,0.5848843767625493,0.4667400004109368,0.5440200009616092,0.03017300763280937,0.029579749474671367
fast,20.0,True,hpatches,i_ajuntament_1_to_2,illumination,737,637,737,460,0.6241519674355496,0.2911800009314902,0.24191999982576817,0.050906872603036266,0.00974667194450659
fast,20.0,True,hpatches,i_ajuntament_1_to_3,illumination,737,538,737,181,0.24559023066485752,0.26571999915177,0.20341999916126952,0.02290627896299238,0.005235798911066857
fast,20.0,True,hpatches,i_ajuntament_1_to_4,illumination,737,952,737,195,0.2645861601085482,0.2653799980180338,0.27101999876322225,0.029666437225477627,0.028461721600368417
fast,20.0,True,hpatches,i_ajuntament_1_to_5,illumination,737,719,737,151,0.20488466757123475,0.26962000119965523,0.23627999908057973,0.03235054244349983,0.02348066660649087
fast,20.0,True,hpatches,i_ajuntament_1_to_6,illumination,737,912,737,195,0.2645861601085482,0.2731599990511313,0.256239999725949,0.029729353961754832,0.009933901009128365
fast,20.0,True,hpatches,v_adam_1_to_2,viewpoint,790,368,790,320,0.4050632911392405,0.23283999908016995,0.17756000015651807,0.006134687541496852,0.025250393542219758
fast,20.0,True,hpatches,v_adam_1_to_3,viewpoint,790,349,790,291,0.36835443037974686,0.24986000207718462,0.16754000098444521,0.026916806699468217,0.026898148083867018
fast,20.0,True,hpatches,v_adam_1_to_4,viewpoint,790,251,790,182,0.23037974683544304,0.2524199997424148,0.13770000077784061,0.04028882738657559,0.002661578953607549
fast,20.0,True,hpatches,v_adam_1_to_5,viewpoint,790,259,790,214,0.2708860759493671,0.23556000232929364,0.14319999900180846,0.0060605622443543955,0.005418486505813442
fast,20.0,True,hpatches,v_adam_1_to_6,viewpoint,790,305,790,239,0.30253164556962026,0.23946000001160428,0.1692600009846501,0.006473822595110603,0.02655233548598617
fast,20.0,False,graf,graf_1_to_2,viewpoint,7086,8302,6655,5238,0.7870773854244929,0.3748800008906983,0.4238000008626841,0.037489647607810435,0.020014494906853152
fast,20.0,False,graf,graf_1_to_4,viewpoint,7086,8784,6714,4069,0.6060470658325886,0.40350000199396163,0.45295999880181625,0.02842892936528486,0.018482489406875673
fast,20.0,False,hpatches,i_ajuntament_1_to_2,illumination,2321,2028,2321,1612,0.6945282205945713,0.23364000080619007,0.233580001804512,0.0074044879311064744,0.026183080040915584
fast,20.0,False,hpatches,i_ajuntament_1_to_3,illumination,2321,1956,2321,609,0.26238690219732874,0.25536000030115247,0.1904999982798472,0.026448634960984336,0.0018729642080375865
fast,20.0,False,hpatches,i_ajuntament_1_to_4,illumination,2321,2195,2321,555,0.23912106850495476,0.24095999833662063,0.22299999982351437,0.025081354739869534,0.0035253375366860987
fast,20.0,False,hpatches,i_ajuntament_1_to_5,illumination,2321,1626,2321,389,0.16760017233950883,0.21823999850312248,0.20912000036332756,0.008854061433594509,0.02278801546995193
fast,20.0,False,hpatches,i_ajuntament_1_to_6,illumination,2321,2249,2321,576,0.24816889271865575,0.21647999819833785,0.2192399973864667,0.005728315512271267,0.005267484546031714
fast,20.0,False,hpatches,v_adam_1_to_2,viewpoint,1570,886,1570,783,0.49872611464968153,0.23093999916454777,0.16075999883469194,0.023713928779361647,0.0024204128721672185
fast,20.0,False,hpatches,v_adam_1_to_3,viewpoint,1570,801,1570,672,0.4280254777070064,0.22087999823270366,0.16519999771844596,0.006873543096600857,0.023218612379252285
fast,20.0,False,hpatches,v_adam_1_to_4,viewpoint,1570,869,1570,488,0.310828025477707,0.23190000065369532,0.13421999901765957,0.011167809520413192,0.0033432886782313433
fast,20.0,False,hpatches,v_adam_1_to_5,viewpoint,1570,703,1570,609,0.38789808917197455,0.20930000027874485,0.13522000081138685,0.005476860748827743,0.0046567799761873
fast,20.0,False,hpatches,v_adam_1_to_6,viewpoint,1570,723,1570,561,0.3573248407643312,0.21267999982228503,0.1495799981057644,0.004844132760113696,0.0038917334748923343
fast,40.0,True,graf,graf_1_to_2,viewpoint,880,1062,814,572,0.7027027027027027,0.24639999901410192,0.27661999920383096,0.006563230291131378,0.00923350226895852
fast,40.0,True,graf,graf_1_to_4,viewpoint,880,1229,825,456,0.5527272727272727,0.24914000096032396,0.2997599993250333,0.009431562343382766,0.008594092130151562
fast,40.0,True,hpatches,i_ajuntament_1_to_2,illumination,142,137,142,86,0.6056338028169014,0.09431999933440238,0.09353999921586365,0.005154570705066282,0.0017059903267621565
fast,40.0,True,hpatches,i_ajuntament_1_to_3,illumination,142,175,142,26,0.18309859154929578,0.09276000055251643,0.10104000248247758,0.0028175198076043945,0.005690553403385415
fast,40.0,True,hpatches,i_ajuntament_1_to_4,illumination,142,221,142,31,0.21830985915492956,0.0907200010260567,0.09512000106042251,0.00473134003313192,0.004102391535138671
fast,40.0,True,hpatches,i_ajuntament_1_to_5,illumination,142,128,142,17,0.11971830985915492,0.09258000063709915,0.08344000234501436,0.0030446005970072485,0.0029943946264829923
fast,40.0,True,hpatches,i_ajuntament_1_to_6,illumination,142,226,142,29,0.20422535211267606,0.08358000050066039,0.09065999765880406,0.004524334066873978,0.003924079225943551
fast,40.0,True,hpatches,v_adam_1_to_2,viewpoint,74,52,74,39,0.527027027027027,0.07244000298669562,0.06579999899258837,0.0029628340300192064,0.0017708760727650889
fast,40.0,True,hpatches,v_adam_1_to_3,viewpoint,74,41,74,29,0.3918918918918919,0.07307999912882224,0.06465999904321507,0.0018015549833849222,0.0028175164194943875
fast,40.0,True,hpatches,v_adam_1_to_4,viewpoint,74,47,74,23,0.3108108108108108,0.07065999961923808,0.06788000027881935,0.0025016780095795136,0.0019415440707765857
fast,40.0,True,hpatches,v_adam_1_to_5,viewpoint,74,35,74,26,0.35135135135135137,0.06765999860363081,0.06607999966945499,0.0030289260047874833,0.004235752232937356
fast,40.0,True,hpatches,v_adam_1_to_6,viewpoint,74,45,74,30,0.40540540540540543,0.07045999955153093,0.06819999834988266,0.0024662531420367537,0.004004496675995578
fast,40.0,False,graf,graf_1_to_2,viewpoint,2944,3482,2728,2087,0.7650293255131965,0.19780000147875398,0.23028000141493976,0.006296979888605106,0.006798645571676324
fast,40.0,False,graf,graf_1_to_4,viewpoint,2944,3563,2755,1500,0.5444646098003629,0.22311999782687053,0.26052000030176714,0.00438424367557213,0.003789142417033744
fast,40.0,False,hpatches,i_ajuntament_1_to_2,illumination,286,295,286,174,0.6083916083916084,0.09582000056980178,0.09805999870877713,0.004122330335675782,0.002731738034526452
fast,40.0,False,hpatches,i_ajuntament_1_to_3,illumination,286,545,286,54,0.1888111888111888,0.09535999852232635,0.09292000177083537,0.003714083225503015,0.004395180859840797
fast,40.0,False,hpatches,i_ajuntament_1_to_4,illumination,286,563,286,55,0.19230769230769232,0.09658000053605065,0.08923999994294718,0.014512670906477298,0.0029227388299458974
fast,40.0,False,hpatches,i_ajuntament_1_to_5,illumination,286,374,286,32,0.11188811188811189,0.08168000058503821,0.07279999845195562,0.0028638430508371344,0.0020995228305569994
fast,40.0,False,hpatches,i_ajuntament_1_to_6,illumination,286,612,286,57,0.1993006993006993,0.08417999924859032,0.08303999784402549,0.00277877382083624,0.003256745118119335
fast,40.0,False,hpatches,v_adam_1_to_2,viewpoint,158,107,158,81,0.5126582278481012,0.09288000001106411,0.06758000090485439,0.028764936669572645,0.001790417899969777
fast,40.0,False,hpatches,v_adam_1_to_3,viewpoint,158,99,158,67,0.4240506329113924,0.07152000325731933,0.06913999823154882,0.0022211710299627854,0.0030348644253203804
fast,40.0,False,hpatches,v_adam_1_to_4,viewpoint,158,174,158,61,0.3860759493670886,0.07129999867174774,0.06817999965278432,0.0025353487172663264,0.002310324268130957
fast,40.0,False,hpatches,v_adam_1_to_5,viewpoint,158,90,158,66,0.4177215189873418,0.07539999933214858,0.08175999828381464,0.0037443292636348915,0.027834697872087408
fast,40.0,False,hpatches,v_adam_1_to_6,viewpoint,158,88,158,50,0.31645569620253167,0.08890000026440248,0.07245999877341092,0.027730054719020812,0.00395605731783446
