method,category,features_image1_total,features_image2_total,n_features,raw_putative_matches,n_putative,n_correct,n_correspondences
sift,illumination,1665.2456140350878,1608.4947368421053,1665.059649122807,355.919298245614,355.9157894736842,295.18947368421055,590.7473684210527
sift,viewpoint,1909.2711864406779,1875.3491525423728,1771.3254237288136,461.0101694915254,456.91525423728814,391.2949152542373,674.2847457627119
orb,illumination,1956.859649122807,1940.2105263157894,1956.859649122807,362.5438596491228,362.5438596491228,307.3438596491228,963.8771929824561
orb,viewpoint,2005.1525423728813,2006.5050847457628,1888.6915254237288,340.10169491525426,337.44406779661017,284.50847457627117,967.5186440677966
kaze,illumination,1396.140350877193,1406.8736842105263,1396.1298245614034,351.9017543859649,351.9017543859649,297.00701754385966,638.5894736842105
kaze,viewpoint,1797.050847457627,1798.1084745762712,1671.128813559322,379.09491525423726,376.8033898305085,323.20338983050846,784.0440677966102
fast_brief,illumination,1824.421052631579,1798.4912280701753,1824.421052631579,533.2315789473685,533.2315789473685,460.95087719298243,918.7087719298246
fast_brief,viewpoint,1900.5593220338983,1906.7118644067796,1765.95593220339,303.2271186440678,300.2915254237288,244.84406779661018,853.5322033898306
fast_brisk,illumination,1921.8245614035088,1896.7929824561404,1921.761403508772,382.41754385964913,382.41754385964913,328.7964912280702,968.7684210526315
fast_brisk,viewpoint,1988.2881355932204,1980.386440677966,1829.6372881355933,206.8542372881356,204.0406779661017,158.59661016949153,887.1254237288135
fast_freak,illumination,1853.3859649122808,1828.4070175438596,1853.3859649122808,365.7543859649123,365.7543859649123,296.97543859649124,933.7052631578947
fast_freak,viewpoint,1925.4237288135594,1928.9186440677965,1784.6305084745763,237.65084745762712,233.35593220338984,168.41016949152544,863.522033898305
superpoint,illumination,1688.5263157894738,1691.0035087719298,1688.1368421052632,617.0140350877193,616.9929824561403,530.4035087719299,891.3508771929825
superpoint,viewpoint,1981.6610169491526,1974.04406779661,1817.1559322033897,596.1016949152543,594.8372881355932,513.4203389830509,888.3118644067797
superpoint_lightglue,illumination,1688.5263157894738,1691.0035087719298,1688.1368421052632,1007.4842105263158,1007.4631578947368,840.8982456140351,891.3508771929825
superpoint_lightglue,viewpoint,1981.6610169491526,1974.04406779661,1817.1559322033897,997.3627118644068,997.1186440677966,835.0372881355933,888.3118644067797
