method,category,inliers,residual_px,corner_mean_px,corner_median_px,valid_corner_errors,estimation_success,corner_within_3px,corner_within_5px
sift,illumination,310.6771929824561,0.49224037340941534,23.52051480584412,0.7017839864813455,285,1.0,0.8631578947368421,0.9333333333333333
sift,viewpoint,389.7084745762712,0.816858204888704,103.90048015790141,2.2663489770909666,295,1.0,0.576271186440678,0.6847457627118644
orb,illumination,320.3719298245614,0.7233199561171569,43.32134155827424,1.3697919476018088,284,0.9964912280701754,0.712280701754386,0.8245614035087719
orb,viewpoint,286.1050847457627,1.1321965745248728,118.32646787715419,4.13866490599754,293,0.9932203389830508,0.37966101694915255,0.5559322033898305
kaze,illumination,318.19649122807016,0.6205340585612666,258.5594488628007,1.1463226642663855,283,0.9929824561403509,0.775438596491228,0.8631578947368421
kaze,viewpoint,321.335593220339,1.0497574859021659,140.98281984877,3.5449939351736592,295,1.0,0.4576271186440678,0.6305084745762712
fast_brief,illumination,483.99298245614034,0.745300333841607,12.145141035490743,0.949776858297378,285,1.0,0.8385964912280702,0.9333333333333333
fast_brief,viewpoint,245.0813559322034,0.9702121627286935,138.21636583352353,4.995355441250137,290,0.9830508474576272,0.3152542372881356,0.4915254237288136
fast_brisk,illumination,340.7263157894737,0.465506390395484,42.091542435764424,0.5911458675774799,285,1.0,0.8947368421052632,0.9473684210526315
fast_brisk,viewpoint,159.55593220338983,0.7805382086962358,269.26297667047544,4.606927396846453,290,0.9830508474576272,0.3593220338983051,0.5016949152542373
fast_freak,illumination,307.10526315789474,0.5069134410350631,24.75079902378534,0.6523533778496162,285,1.0,0.8456140350877193,0.9333333333333333
fast_freak,viewpoint,168.79322033898305,0.8126487469193743,186.36121150949705,4.411092453821287,293,0.9932203389830508,0.3525423728813559,0.5389830508474577
superpoint,illumination,558.8280701754386,1.0396221196944897,1.657877669439153,0.940681464233006,285,1.0,0.8736842105263158,0.9578947368421052
superpoint,viewpoint,511.4135593220339,1.1683643523216685,37.36190505789738,3.1172853359580754,287,0.9728813559322034,0.4745762711864407,0.6271186440677966
superpoint_lightglue,illumination,881.1684210526316,1.20879770229038,1.5430256521260663,1.1985213300300024,285,1.0,0.8982456140350877,0.9789473684210527
superpoint_lightglue,viewpoint,826.0474576271187,1.277476857139382,24.811972097662363,2.214042536992774,292,0.9898305084745763,0.6101694915254238,0.7694915254237288
