method,category,detector_repeatability,repeatability,pmr,precision,matching_score,recall
sift,illumination,0.369110312794644,0.369110312794644,0.22784874246948636,0.7186438851545865,0.1924092375356901,0.42557046681149874
sift,viewpoint,0.3774585957488325,0.3774585957488325,0.2534963427579713,0.7449370705971684,0.2149882995473281,0.5104098885136636
orb,illumination,0.4961080816196158,0.4961080816196158,0.18660833559415274,0.6867864530806935,0.15864480797315028,0.2572924808230267
orb,viewpoint,0.5085683585697643,0.5085683585697643,0.17333684024973814,0.6852767695176384,0.145432037614404,0.25482775407657277
kaze,illumination,0.47037062903512694,0.47037062903512694,0.26469789165348895,0.7668285452077851,0.22833533330998573,0.40260699661628824
kaze,viewpoint,0.4575108420874903,0.4575108420874903,0.21959667884374245,0.740303372728274,0.18703749451995869,0.35530853773014137
fast_brief,illumination,0.5074338533184517,0.5063536353566497,0.29381727730023177,0.7724972111988999,0.2545188049394363,0.44734049958317973
fast_brief,viewpoint,0.49086962314561056,0.4830735498522788,0.16607546694196998,0.5850165413440912,0.13412552364607577,0.2493180718164997
fast_brisk,illumination,0.5074338533184517,0.5066061442633908,0.2000886496085776,0.7354877922034544,0.17207030904255785,0.2917808775450563
fast_brisk,viewpoint,0.49086962314561056,0.48782567131908633,0.10863735077240677,0.5429420326786794,0.08386970076867425,0.14879748535260146
fast_freak,illumination,0.5074338533184517,0.506503172722774,0.19856694983663462,0.6633481451231413,0.16154243252203426,0.27196379745990457
fast_freak,viewpoint,0.49086962314561056,0.4844190405621327,0.12827699365894896,0.5315553110758868,0.09220528923087584,0.16642193911141018
superpoint,illumination,0.5326675505297807,0.5326675505297807,0.3598702706489297,0.8307268294255935,0.31128461404551333,0.5286074885033654
superpoint,viewpoint,0.48904508870432717,0.48904508870432717,0.32031640653161614,0.7723704214332953,0.27628385451135434,0.4967387916969773
superpoint_lightglue,illumination,0.5326675505297807,0.5326675505297807,0.592297958273145,0.8309838400262372,0.5002820532007516,0.9182178157043677
superpoint_lightglue,viewpoint,0.48904508870432717,0.48904508870432717,0.5481089842255985,0.8065318226584901,0.4571515742683605,0.9049813095720297
