method,category,extraction_pair_ms,matching_ms,bytes_per_descriptor,pair_stage_total_ms
sift,illumination,403.4325252632098,13.928373824583424,512.0,417.36089908779326
sift,viewpoint,373.9335592537161,13.666642440519476,512.0,387.6002016942356
orb,illumination,22.402290385839397,10.198062105367793,32.0,32.60035249120719
orb,viewpoint,29.713506711922165,10.62966094912677,32.0,40.34316766104894
kaze,illumination,1170.1120597188485,5.162771508693001,256.0,1175.2748312275414
kaze,viewpoint,1459.0577156608283,7.4975253559720025,256.0,1466.5552410168002
fast_brief,illumination,13.587990876868277,9.11038133318295,32.0,22.698372210051225
fast_brief,viewpoint,18.834259186311964,9.408642508447668,32.0,28.24290169475963
fast_brisk,illumination,28.73810982443964,10.098531578995264,64.0,38.8366414034349
fast_brisk,viewpoint,34.041016541901875,10.628963593152841,64.0,44.669980135054715
fast_freak,illumination,23.15128028050694,9.356749403834744,64.0,32.50802968434168
fast_freak,viewpoint,28.493233898568747,10.049309491616935,64.0,38.542543390185685
superpoint,illumination,72.14163087660205,23.62722266653324,1024.0,95.7688535431353
superpoint,viewpoint,54.32003152523174,34.196851254170525,1024.0,88.51688277940227
superpoint_lightglue,illumination,73.10582561408714,21.58375607007959,1024.0,94.68958168416673
superpoint_lightglue,viewpoint,57.29785559288526,20.99430969489592,1024.0,78.29216528778119
